[
  {
    "question": "What is often considered a significant personal disadvantage in Indian society when one hesitates to trust others?",
    "answer": "If one does not build relationships, it means they would have \"lost opportunity to build A relationship with more than 96%\" of people, which is described as \"a big loss for an individual.\""
  },
  {
    "question": "What is a key belief suggested for fostering connections with people one doesn't know well?",
    "answer": "A \"simple innovation in my belief helps me. to build relationship with strangers,\" by encouraging interaction and trust."
  },
  {
    "question": "How broadly is the concept of \"strangers\" defined in the context of building relationships?",
    "answer": "Strangers are considered to be \"everywhere,\" not just people on the road, but also \"in the class,\" \"in the office,\" \"near your home,\" \"maybe your neighborhood,\" and even \"inside your home.\""
  },
  {
    "question": "What are the three key actions encouraged for interacting with unfamiliar people?",
    "answer": "The encouragement is to \"Speak to them, trust them, make a relationship.\""
  },
  {
    "question": "What is a common practical concern raised when discussing the idea of trusting strangers?",
    "answer": "A common practical concern is expressed as, \"come on Praveen, be practical. There are some bad people on this planet.\""
  },
  {
    "question": "How are extremely negative individuals described using a vivid metaphor?",
    "answer": "Such individuals are described as being \"so bad as if they don't belong to this planet. They belong to some dull, dirty planet.\""
  },
  {
    "question": "What is the general assessment of the number of truly bad people in society?",
    "answer": "It is stated that \"They are very less.\""
  },
  {
    "question": "What is the perspective on whether the existence of a few bad individuals should prevent overall trust?",
    "answer": "It is argued that \"just because of these few bad people, that's not the whole world suffer. Because the world is full of people like you, good people.\""
  },
  {
    "question": "What kind of personal challenges are posed to make one reflect on the actual prevalence of truly dangerous individuals?",
    "answer": "Questions are asked like, \"When was the last time you met the bad person in your life? How many of you know a murderer personally, or a rapist personally, or even a pickpocket personally?\""
  },
  {
    "question": "What is an example of parental trust shown in the context of a child's independent travel?",
    "answer": "A parent might allow their son, who \"loves mountains,\" to travel alone to \"Himalayan mountains\" for \"10 to 15 days\" every year \"without parents.\""
  },
  {
    "question": "What specific advice might an Indian parent give their child who is traveling solo?",
    "answer": "A parent might tell their child, \"You are travelling alone. Make sure you speak to strangers. Trust them. Make relationships.\""
  },
  {
    "question": "What is a commonly observed and tolerated issue regarding public spaces in India?",
    "answer": "It is observed that \"In India, we tolerate filth on our streets.\""
  },
  {
    "question": "How is India's advanced technological capability contrasted with its challenges in civic cleanliness?",
    "answer": "There's a contrast where \"We can send a rocket to Mars but we can't fix this problem\" of public filth."
  },
  {
    "question": "What is a significant cultural paradox concerning cleanliness standards in India?",
    "answer": "A key paradox is, \"Why do we keep our houses clean and our streets dirty?\""
  },
  {
    "question": "How do global businesses like McDonald's sometimes approach cleanliness in their immediate surroundings in Indian cities like Bangalore?",
    "answer": "Even \"McDonald's who has come to Bangalore is cleaning the steps of its outlet out there, but you can see how dirty it is outside,\" suggesting their efforts might be confined to their own property."
  },
  {
    "question": "What is a common mindset or justification expressed by some citizens regarding their responsibility for public cleanliness?",
    "answer": "A common sentiment is, \"It's not my problem. I pay tax, I vote, isn't that enough? What more should I do?\""
  },
  {
    "question": "What is a typical expression of feeling overwhelmed when an individual desires to improve public cleanliness but doesn't know where to begin?",
    "answer": "An individual might say, \"I want to fix it. I don't even know how to start.\""
  },
  {
    "question": "What hypothetical scenario is often considered to explore the impact of improved governance and resources on city cleanliness?",
    "answer": "A \"dream land\" scenario is imagined where \"there is no corruption. The government is strong. Our budget goes up 10 times.\""
  },
  {
    "question": "What is the conclusion drawn about the primary factor influencing city cleanliness, even when considering improved government and increased budget?",
    "answer": "The conclusion is \"no,\" because \"it's not about money or system, it is about us as a people.\""
  },
  {
    "question": "What is identified as the fundamental reason behind the persistence of public filth in India, beyond financial or systemic issues?",
    "answer": "The underlying reason is stated to be \"about us as a people,\" indicating a collective cultural mindset."
  },
  {
    "question": "How do travelers often compare India's public cleanliness to that of neighboring countries in Asia or Africa?",
    "answer": "Travelers \"can all agree on one thing. In India, we tolerate filth on our streets\" more than in \"neighbouring countries in Asia\" or \"Africa.\""
  },
  {
    "question": "What is implied about the capacity or willingness of private entities to maintain cleanliness outside their immediate premises?",
    "answer": "It is noted that they are \"either incapable or unwilling to fix what's outside.\""
  },
  {
    "question": "What kind of specific details might be used as clues to identify a city in India from an image?",
    "answer": "Clues like \"the furniture\" or the presence of a \"Bank of India\" are suggested."
  },
  {
    "question": "What is the specific percentage mentioned for the potential loss of relationships if one doesn't trust people?",
    "answer": "The potential loss is stated as \"more than 96%.\""
  },
  {
    "question": "What particular phrase emphasizes the importance of listening carefully, often used in a parental context?",
    "answer": "The phrase \"Listen very carefully\" is used to convey the gravity of the advice being given."
  },
  {
    "question": "What is the core \"innovation\" that helps in building relationships with strangers?",
    "answer": "The core innovation is \"my belief helps me. to build relationship with strangers.\""
  },
  {
    "question": "What is a common way to address someone directly and practically in an Indian conversational context, when expressing skepticism?",
    "answer": "A common direct approach is \"come on Praveen, be practical.\""
  },
  {
    "question": "What is the general characterization of the population, even with the acknowledgment of some bad individuals?",
    "answer": "The world is primarily \"full of people like you, good people.\""
  },
  {
    "question": "For how many years has the son been traveling alone to the Himalayas?",
    "answer": "The son has been going to the \"Himalayan mountains\" for \"last four years.\""
  },
  {
    "question": "What is the frequency and duration of these solo trips to the mountains?",
    "answer": "The trips occur \"every year, almost for 10 to 15 days.\""
  },
  {
    "question": "What is the key question asked to challenge the idea that bad people are commonly encountered?",
    "answer": "The question is, \"When was the last time you met the bad person in your life?\""
  },
  {
    "question": "What specific types of individuals are cited when questioning the personal acquaintance with criminals?",
    "answer": "People are asked if they know \"a murderer personally, or a rapist personally, or even a pickpocket personally.\""
  },
  {
    "question": "What is the overall message conveyed about the impact of a small number of bad people on the rest of society?",
    "answer": "The message is that \"just because of these few bad people, that's not the whole world suffer.\""
  },
  {
    "question": "What is a common feeling of resignation or blame expressed regarding the state of public cleanliness?",
    "answer": "A common feeling is, \"It's not my problem.\""
  },
  {
    "question": "What common civic actions are listed by citizens as fulfilling their responsibilities, potentially absolving them of further action?",
    "answer": "Citizens might state, \"I pay tax, I vote.\""
  },
  {
    "question": "What is the implication of the question, \"isn't that enough? What more should I do?\" in the context of civic responsibility?",
    "answer": "It implies a feeling that basic civic duties are complete and further personal effort for public issues is unwarranted or unknown."
  },
  {
    "question": "What state of governance and resources is considered in the \"dream land\" thought experiment for solving cleanliness issues?",
    "answer": "The dream land assumes \"no corruption,\" a \"strong\" government, and a budget that \"goes up 10 times.\""
  },
  {
    "question": "What is the specific city mentioned in the context of McDonald's outlet?",
    "answer": "McDonald's \"has come to Bangalore.\""
  },
  {
    "question": "What specific banking institution is mentioned as a clue in the picture context?",
    "answer": "The \"Bank of India\" is mentioned as a clue."
  },
  {
    "question": "How is the belief in building relationships characterized in terms of its impact on an individual?",
    "answer": "It helps an individual \"to build relationship with strangers.\""
  },
  {
    "question": "What kind of people are most commonly found in the world, according to this perspective?",
    "answer": "The world is \"full of people like you, good people.\""
  },
  {
    "question": "What is a typical Indian parental instruction for a child's safety and engagement when traveling alone?",
    "answer": "The instruction is \"Make sure you speak to strangers. Trust them. Make relationships.\""
  },
  {
    "question": "What cultural observation is made about India regarding how it deals with street litter?",
    "answer": "The observation is that \"In India, we tolerate filth on our streets.\""
  },
  {
    "question": "What is seen as the main barrier to clean cities, even if corruption were eliminated and budgets increased significantly?",
    "answer": "The main barrier is identified as \"us as a people,\" rather than \"money or system.\""
  },
  {
    "question": "What is the reason given for why the world does not completely suffer from the actions of a few bad individuals?",
    "answer": "It is because \"the world is full of people like you, good people.\""
  },
  {
    "question": "What is the implied challenge in the question, \"Why do we keep our houses clean and our streets dirty?\"",
    "answer": "It challenges the double standard of maintaining private cleanliness while neglecting public spaces."
  },
  {
    "question": "What type of journeys are mentioned that involve children traveling without parents for several days?",
    "answer": "The journeys are to \"Himalayan mountains.\""
  },
  {
    "question": "What specific instruction is given to the child about making connections during his travels?",
    "answer": "The instruction is to \"Make sure you speak to strangers. Trust them. Make relationships.\""
  },
  {
    "question": "What is the general agreement among those who have traveled outside India regarding public cleanliness?",
    "answer": "There is agreement that \"In India, we tolerate filth on our streets.\""
  },
  {
    "question": "What is considered a significant loss for an individual if they do not build relationships?",
    "answer": "It is considered a \"big loss for an individual\" to have \"lost opportunity to build A relationship with more than 96%\" of people."
  }
]