[
  {
    "question": "How might a Bollywood movie influence someone's perception or desire to visit India?",
    "answer": "A beautiful Bollywood movie, like Div Das, can make someone very curious about this beautiful country, even if they've heard terrifying stories."
  },
  {
    "question": "What specific Bollywood film is mentioned as inspiring curiosity about India?",
    "answer": "The Bollywood movie Div Das, seen when one was 15, made one curious about this beautiful country."
  },
  {
    "question": "What are common initial sentiments people might have about traveling to India based on general narratives?",
    "answer": "Many people might be terrified because the stories they hear about India are absolutely horrible."
  },
  {
    "question": "What can help someone overcome their fear of visiting India, despite negative perceptions?",
    "answer": "Curiosity, perhaps sparked by something like a beautiful Bollywood movie, can win over fear and lead to a visit to India."
  },
  {
    "question": "What kind of feeling might someone experience upon their first arrival in India?",
    "answer": "Upon stepping onto Indian soil for the first time, one might feel at peace and content, which is described as something actually more important than happiness."
  },
  {
    "question": "Which specific city and state in India is mentioned as a potential first point of arrival?",
    "answer": "One might arrive in Kerala Kochi when first stepping onto Indian soil."
  },
  {
    "question": "How might one typically travel shortly after arriving in an Indian city like Kochi?",
    "answer": "After arriving in Kerala Kochi, one might get on the local bus to travel, for instance, driving to Fort Kochi."
  },
  {
    "question": "What specific area in Kochi is mentioned as a destination during a local bus ride?",
    "answer": "A local bus journey after arriving in Kerala Kochi might involve driving to Fort Kochi."
  },
  {
    "question": "What is a common observation about the positive attributes found in India that the news might overlook?",
    "answer": "One might be surprised to discover many treasures in India that the news never bothers to talk about."
  },
  {
    "question": "What is a significant human quality that can be learned in abundance in India?",
    "answer": "Nowhere in the world will one learn more kindness than in India."
  },
  {
    "question": "What virtue related to appreciation is highlighted as being learned extensively in India?",
    "answer": "India is a place where one can learn more gratitude than anywhere else in the world."
  },
  {
    "question": "Which quality of modesty and unpretentiousness is noted as being particularly strong in India?",
    "answer": "One can learn more humbleness in India than anywhere else in the world."
  },
  {
    "question": "What kind of social structure or support is particularly emphasized in India?",
    "answer": "In India, one can learn more about family values."
  },
  {
    "question": "How does India stand out in terms of welcoming and treating guests?",
    "answer": "India is a place where one can learn more hospitality than anywhere else in the world."
  },
  {
    "question": "What is a key lesson about diligence and effort that India offers?",
    "answer": "India teaches how to work hard."
  },
  {
    "question": "Beyond diligence, what else does India teach about living life to the fullest?",
    "answer": "India teaches how to work hard but also how to enjoy life to the max."
  },
  {
    "question": "What overarching humanistic quality is particularly appreciated about India?",
    "answer": "A personal favorite observation about India is how humanity is expressed there."
  },
  {
    "question": "What contrast might a traveler find between media portrayals of India and their personal experience?",
    "answer": "Despite hearing absolutely horrible stories about India, one might discover many treasures that the news never bothers to talk about."
  },
  {
    "question": "What kind of feelings are described as being profoundly experienced when traveling through India?",
    "answer": "While traveling through India, one might feel at peace and content, which is considered something actually more important than happiness."
  },
  {
    "question": "What does the phrase \"treasures that the news never bothers to talk about\" imply about typical media coverage of India?",
    "answer": "It implies that positive aspects and profound lessons of India, such as kindness and hospitality, are often not highlighted in the news."
  },
  {
    "question": "What is the nature of the \"horrible stories\" often heard about India?",
    "answer": "The stories one hears about India are described as absolutely horrible, causing initial fear in potential travelers."
  },
  {
    "question": "What kind of internal conflict might a person experience before traveling to India?",
    "answer": "One might feel terrified by the horrible stories about India, but at the same time, immense curiosity about the country."
  },
  {
    "question": "What can be a stronger driving force than fear when considering a trip to India?",
    "answer": "Curiosity about India can win over initial fear."
  },
  {
    "question": "What is considered a more significant emotional state than simple happiness upon experiencing India?",
    "answer": "Feeling at peace and content is described as something actually more important than happiness when arriving in India."
  },
  {
    "question": "What broad range of positive cultural attributes can be learned more deeply in India?",
    "answer": "In India, one can learn more kindness, more gratitude, more humbleness, more family values, and more hospitality."
  },
  {
    "question": "How does India provide a unique perspective on the balance between professional effort and personal enjoyment?",
    "answer": "India offers lessons on how to work hard but also how to enjoy life to the max."
  },
  {
    "question": "What is the overall sentiment conveyed about the actual experience of India compared to its reputation?",
    "answer": "The actual experience of traveling through India reveals many treasures, contradicting the negative stories often heard."
  },
  {
    "question": "What is a key characteristic of the social fabric observed in India?",
    "answer": "India is a place where one can learn more about strong family values."
  },
  {
    "question": "How is the virtue of humility perceived in India?",
    "answer": "India is highlighted as a place where one can learn more humbleness than elsewhere."
  },
  {
    "question": "What impact can India have on one's understanding of human nature and interpersonal relations?",
    "answer": "India offers profound insights into humanity, which is considered a significant and favorite aspect of the country."
  },
  {
    "question": "What unexpected discoveries can a visitor make when traveling through India?",
    "answer": "A visitor might be surprised to discover many treasures that are not typically covered by news reports."
  },
  {
    "question": "What kind of emotional transformation can occur during a trip to India?",
    "answer": "A person might transition from being terrified by general stories to feeling at peace and content upon experiencing the country."
  },
  {
    "question": "What is a universal desire for parents concerning their children's future?",
    "answer": "Parents want their children to have a good future and, most importantly, they want them to be happy."
  },
  {
    "question": "How can cultural expressions, such as films, foster a sense of wonder about a nation?",
    "answer": "A beautiful film can instill deep curiosity about a country, even if negative external narratives exist."
  },
  {
    "question": "What quality of emotional depth is attributed to the experience of being in India?",
    "answer": "The experience of India can bring forth feelings of peace and contentment, which are felt to be more profound than mere happiness."
  },
  {
    "question": "What does it mean when it's said that \"the news never bothers to talk about\" certain aspects of India?",
    "answer": "It suggests that positive and culturally rich elements like kindness, gratitude, and hospitality are often neglected in mainstream news coverage of India."
  },
  {
    "question": "How does Indian cinema, specifically Bollywood, influence international perception and interest in the country?",
    "answer": "Bollywood movies can significantly spark curiosity about India, sometimes strong enough to overcome fears from negative portrayals."
  },
  {
    "question": "What are some core societal values that are prominently displayed in daily life and social interactions in India?",
    "answer": "Daily life in India often highlights kindness, gratitude, humbleness, and strong family values."
  },
  {
    "question": "How do people in India typically balance their professional responsibilities with personal leisure?",
    "answer": "India teaches individuals how to work hard but also how to enjoy life to the max."
  },
  {
    "question": "What is a fundamental cultural strength that underpins India's social interactions?",
    "answer": "A key cultural strength in India is its strong emphasis on family values and hospitality."
  },
  {
    "question": "What are the \"treasures\" that one might discover in India beyond superficial observations?",
    "answer": "The \"treasures\" refer to profound lessons in kindness, gratitude, humbleness, family values, and hospitality."
  },
  {
    "question": "What happens when a traveler's curiosity about India triumphs over any apprehension?",
    "answer": "When curiosity wins over fear, a traveler can gain a personal glimpse into the true feelings and experiences of India."
  },
  {
    "question": "What emotional impact does the feeling of \"peace and content\" have when arriving in India?",
    "answer": "The feeling of peace and content upon arrival in India is described as actually more important than happiness, indicating a deeper sense of well-being."
  },
  {
    "question": "How does India often present a different reality than what is commonly presented in media?",
    "answer": "India often reveals numerous positive \"treasures\" that are absent from general news, which tends to focus on negative narratives."
  },
  {
    "question": "What is the overall message about the authentic experience of India compared to its reputation?",
    "answer": "The authentic experience of India is often one of profound discovery, revealing more kindness, gratitude, and hospitality than publicly reported."
  },
  {
    "question": "What personal virtues can be significantly developed or observed while in India?",
    "answer": "While in India, one can significantly learn about humbleness, gratitude, and kindness."
  },
  {
    "question": "What particular joy can one discover in the Indian approach to existence?",
    "answer": "The Indian approach can teach one how to truly enjoy life to the max."
  },
  {
    "question": "How can one describe the human element or quality that stands out in India?",
    "answer": "The quality of humanity is a personal favorite aspect of India, suggesting a deeply positive and moving human experience."
  },
  {
    "question": "What is a surprising aspect for many visitors about the reality of traveling in India?",
    "answer": "Many visitors are surprised to discover countless treasures in India that are not talked about in the news."
  },
  {
    "question": "What is the significant contrast presented regarding the popular perception versus the actual experience of India?",
    "answer": "Despite hearing absolutely horrible stories, the actual experience of India can reveal a beautiful country full of kindness, family values, and peace."
  }
]