[
  {
    "question": "What cultural philosophy emphasizes action over excessive discussion in India?",
    "answer": "A core principle is \"calm, chalu, mooband,\" meaning \"Only work, no talk.\" This suggests that if you decide to go and do and don't talk, incredible things can be achieved."
  },
  {
    "question": "What is a common observation about communication styles in India regarding action?",
    "answer": "It is observed that \"In India, we talk too much, we refuse to listen.\" This highlights a cultural tendency to focus on discourse rather than practical implementation."
  },
  {
    "question": "How is effective problem-solving encouraged in Indian community efforts?",
    "answer": "It's advised not to lecture, moralize, or create awareness drives. Instead, one should \"don't tell people what to do, don't act condescending and say I know the solution to your problem because it might not even be a problem at all.\""
  },
  {
    "question": "What is the recommended approach for individuals who want to initiate positive change in India?",
    "answer": "The guidance is clear: \"If you take the lead, others will follow.\" This suggests that individual action can inspire broader participation."
  },
  {
    "question": "What is the term for public demonstrations or protests in an Indian context?",
    "answer": "People in India may have \"been on protests and dharanas.\" These are forms of public gatherings often used to express grievances or advocate for change."
  },
  {
    "question": "What is a key principle for individuals undertaking good work in India regarding recognition?",
    "answer": "It is advised, \"Don't expect credit. Don't expect applause.\" The approach encourages selfless contribution, embodying the spirit of \"Sree Anonymous.\""
  },
  {
    "question": "What is the recommended method for funding personal social initiatives in India?",
    "answer": "A strong recommendation is to \"Don't take anybody's money. Use your own. Whatever your means are.\" This emphasizes independence and self-reliance in community projects."
  },
  {
    "question": "How does personal funding of social projects impact independence in India?",
    "answer": "It is believed that \"The moment you take money you are almost losing your independence.\" This suggests that external funding can compromise one's autonomy in undertaking good work."
  },
  {
    "question": "What is the popular saying by Gandhiji about personal responsibility for change?",
    "answer": "Gandhiji famously said, \"be the change you want to see.\" This encourages individuals to embody the transformations they wish to witness in society."
  },
  {
    "question": "How does the \"Ugly Indian movement\" adapt Gandhiji's philosophy on change, especially in challenging situations?",
    "answer": "The movement suggests that if a situation is hopeless, \"you first need to see the change that you want to be, to believe that you can even make the change.\" This provides a modified perspective on Gandhiji's original quote."
  },
  {
    "question": "What role does Facebook play in demonstrating the possibility of civic improvement in India?",
    "answer": "Facebook has been \"fantastic\" because \"Every before-after photograph goes on Facebook, people say, wow, it's possible, let me try it.\" It helps in creating belief that civic situations can improve."
  },
  {
    "question": "What should be the primary focus when evaluating the success of community projects in India?",
    "answer": "The emphasis should be on \"results, not on who is doing it, how it's being done.\" Delivering a \"before after photograph\" is considered a key indicator of success."
  },
  {
    "question": "What is a key finding about securing help for social movements in India?",
    "answer": "It has been found that \"Volunteers are the easiest to get.\" This suggests a strong willingness among citizens to contribute time and effort."
  },
  {
    "question": "Where are many active volunteers for community work found in India, and what are their backgrounds?",
    "answer": "\"Bangalore has got thousands of people who come out on weekends and work.\" These individuals are typically \"not social activists\" but \"people who got regular jobs who take time out to work.\""
  },
  {
    "question": "Is money a significant obstacle for many small-scale community projects in India?",
    "answer": "\"Money is no problem at all.\" Many projects shown cost \"less than 3000 rupees or 60 US dollars,\" indicating that effective change can be achieved with minimal financial resources."
  },
  {
    "question": "What is a practical example of how local communities in India can fund small projects?",
    "answer": "If \"10 people get together, put 300 rupees each, you can fix a spot.\" This illustrates a simple, communal way to pool resources for local improvements."
  },
  {
    "question": "What is a significant benefit of undertaking community projects without external assistance in India?",
    "answer": "One can \"make a dramatic change without asking anybody else for help.\" This fosters a sense of self-reliance and empowerment within the community."
  },
  {
    "question": "How does the government generally perceive citizen engagement in civic matters in India?",
    "answer": "The government is receptive to citizen involvement, as \"The government loves it if the citizens engage.\" This indicates a supportive stance towards active public participation."
  },
  {
    "question": "What is the broader expectation of civic duty from citizens in India, beyond standard actions?",
    "answer": "It is suggested that merely \"paying taxes and voting is not enough.\" Citizens are encouraged to engage actively in community and civic improvement efforts."
  },
  {
    "question": "What is the implication of taking the lead in community initiatives in India?",
    "answer": "The clear message is, \"If you take the lead, others will follow.\" This suggests that bold individual action can inspire collective participation and broader social momentum."
  },
  {
    "question": "What is the perspective on being stopped from doing good work in India?",
    "answer": "It is believed that \"the only person stopping you from going out and doing good is yourself.\" This places responsibility on individuals not to blame others for their inaction."
  },
  {
    "question": "What kind of social movement strategy is described as effective for positive change in India?",
    "answer": "The text refers to going into \"disruptive, positive, anarchy.\" This implies challenging the status quo in a constructive and impactful way."
  },
  {
    "question": "Why is it important to focus on results rather than methods in Indian social initiatives?",
    "answer": "The focus should be on \"results, not on who is doing it, how it's being done.\" If you \"deliver a before after photograph,\" that's considered successful, regardless of the process."
  },
  {
    "question": "What is a fundamental aspect of the approach that led to a \"90% survival rate\" for chronic problems?",
    "answer": "The approach is rooted in the philosophy of \"calm, chalu, mooband,\" which translates to \"Only work, no talk.\" This practical, action-oriented strategy yields significant results."
  },
  {
    "question": "What method helps in breaking down myths about the difficulty of social movements in India?",
    "answer": "Showing tangible results like \"before-after photograph[s]\" helps in demonstrating that \"Volunteers are the easiest to get\" and \"Money is no problem at all.\""
  },
  {
    "question": "What is a key characteristic of the \"disruptive, positive, anarchy\" approach to social change in India?",
    "answer": "This approach, while challenging norms, ensures that \"nobody will stop you,\" meaning the initiative can proceed without official or societal obstruction."
  },
  {
    "question": "Why is it important for individuals to avoid blaming others for their inaction in India?",
    "answer": "It is emphasized that \"Don't blame anybody else for stopping you\" because \"the only person stopping you from going out and doing good is yourself.\" This promotes personal accountability."
  },
  {
    "question": "What is a commonly held view regarding the sufficiency of traditional civic actions like voting in India?",
    "answer": "It is stated that \"paying taxes and voting is not enough.\" There's an expectation for deeper, more active citizen engagement in civic improvement."
  },
  {
    "question": "What is the key lesson from the Ugly Indian movement regarding overcoming civic problems in India?",
    "answer": "The biggest lesson learned is \"Creating belief that our pathetic civic situation can improve.\" This focus on belief is seen as foundational to inspiring action."
  },
  {
    "question": "What is a simple, direct way to express the principle of focusing on action over words in an Indian context?",
    "answer": "A simple and direct expression of this principle is \"Buy moochko, kelsahachko,\" which reinforces the idea of \"Only work, no talk.\""
  },
  {
    "question": "What impact does the success of small-scale, locally funded projects have on community engagement in India?",
    "answer": "Such projects demonstrate that \"you can make a dramatic change without asking anybody else for help.\" This empowers communities to undertake improvements independently."
  },
  {
    "question": "How does the lack of external funding influence the control and direction of social initiatives in India?",
    "answer": "By not taking anybody's money, one retains independence. This ensures that the initiatives are driven by the community's own vision and means."
  },
  {
    "question": "What kind of awareness strategies are deemed ineffective for solving problems in an Indian context?",
    "answer": "Strategies like \"awareness drives\" are discouraged. The focus should be on practical doing rather than just informing or lecturing."
  },
  {
    "question": "What happens if citizens choose to ignore the lead taken by others in positive civic actions in India?",
    "answer": "If someone initiates \"disruptive, positive, anarchy,\" \"some will follow you, some will ignore you, but nobody will stop you.\" This indicates that inaction by some will not halt progress."
  },
  {
    "question": "What is the benefit of starting civic improvement projects with available personal resources in India?",
    "answer": "When \"a single person does something, within his own means,\" it surprisingly leads to \"how many other people join you.\" This shows the ripple effect of self-started initiatives."
  }
]