[
  {
    "question": "What is a \"spot fix\" in the context of improving public spaces in Bangalore?",
    "answer": "A spot fix is when a group of people comes together to work on fixing a specific public problem, like cleaning an underpass, often initiated by public volunteers."
  },
  {
    "question": "How do pedestrians sometimes navigate unhygienic underpasses in Bangalore?",
    "answer": "Pedestrians sometimes walk bravely through dark, dingy, urine-filled rooms, holding their noses, to get to work. Others may choose to risk their lives by crossing the road instead."
  },
  {
    "question": "What is the typical condition of some underpasses in Bangalore that dissuades people from using them?",
    "answer": "Many underpasses are either closed, or if open, they are filled with urine that has not been cleaned for years, making them dark and dingy."
  },
  {
    "question": "What is a common public reaction to uncleaned, urine-filled underpasses in Indian cities?",
    "answer": "A common public reaction is for people to hold their nose while passing through such spaces due to the unbearable smell."
  },
  {
    "question": "Why do some college students in Bangalore prefer to cross busy roads rather than use pedestrian underpasses?",
    "answer": "Some girls going to college prefer to walk on the road and risk their lives rather than use underpasses that are often dark, dingy, and filled with urine."
  },
  {
    "question": "What did the Mayor of Bangalore suggest when invited to inspect the problem with underpasses?",
    "answer": "The Mayor of Bangalore, after inspecting the issue, said that the government had \"tried for years to fix it\" and asked if the public could help."
  },
  {
    "question": "What was the public's response when asked by the Mayor of Bangalore to help fix civic issues?",
    "answer": "The public responded positively and said \"yes,\" indicating willingness to participate in solving civic problems."
  },
  {
    "question": "What typically happens after public involvement in cleaning a neglected subway in Bangalore?",
    "answer": "After a group of the public goes in and cleans a place, like a subway, it can be transformed and start running well."
  },
  {
    "question": "What impact does a clean and transformed subway have on the people using it in Bangalore?",
    "answer": "A clean subway makes people smile, makes it a friendly place, and encourages many more people to walk through it."
  },
  {
    "question": "What is believed to be essential for converting public spaces into functional and pleasant areas in India?",
    "answer": "It is believed that all it takes to convert a public space is \"a little bit of sincerity and effort.\""
  },
  {
    "question": "What kind of civic problem was addressed with an \"open electricity box with the garbage\" in Bangalore?",
    "answer": "An open electricity box with garbage just outside an entrance was identified as a problem, which was then spent an hour fixing."
  },
  {
    "question": "How quickly can a public space like a foot path or electricity box be fixed through community effort in Bangalore?",
    "answer": "A foot path was fixed in 18 minutes by people working outside, and an open electricity box with garbage was fixed in an hour by three people."
  },
  {
    "question": "What question is posed to encourage individuals to contribute to their local community in India?",
    "answer": "The question to ask is, \"have you made an impact on your street?\""
  },
  {
    "question": "How do community initiatives like a \"spot fix\" contribute to transforming public spaces in Bangalore?",
    "answer": "Community initiatives like a spot fix can lead to the cleaning and painting of multiple subways, helping them to open and become functional for the public."
  },
  {
    "question": "What is the significance of \"KR Circle\" in Bangalore?",
    "answer": "KR Circle is described as \"one of Bangalore's favorite circles,\" implying it's a well-known and significant landmark in the city."
  },
  {
    "question": "What challenge do pedestrians face at KR Circle despite it being a popular area?",
    "answer": "At KR Circle, pedestrians face the problem of having to cross the road because the underpasses are either closed or in an unusable state."
  },
  {
    "question": "What is the state of some pedestrian underpasses even when they are beautifully designed in Indian cities like Bangalore?",
    "answer": "Even beautifully designed underpasses can be problematic, as they are either closed or, if open, they are very unhygienic and look like they haven't been cleaned for years."
  },
  {
    "question": "What motivates individuals to take action to fix public problems without being explicitly asked?",
    "answer": "Individuals are motivated to fix public problems because \"they felt they needed to do it,\" demonstrating a sense of civic responsibility."
  },
  {
    "question": "How many subways were reportedly painted during a community clean-up effort in Bangalore?",
    "answer": "Ten subways were painted as part of a community clean-up effort in Bangalore."
  },
  {
    "question": "What is the status of subways in Kiyasi, Bangalore, after community efforts?",
    "answer": "Six subways in Kiyasi are expected to open soon due to the efforts taken by people participating in community clean-up initiatives."
  },
  {
    "question": "What is the overall impact of public volunteers rescuing underpasses in Bangalore?",
    "answer": "The public has rescued subways, transforming them into clean, friendly places where many people are now walking and smiling."
  },
  {
    "question": "How long did a fixed subway in Bangalore continue to run well after the community clean-up?",
    "answer": "After the community clean-up, the transformed subway was running well for at least three weeks."
  },
  {
    "question": "What observation is made about a girl reading a book while making a decision about using an underpass in Bangalore?",
    "answer": "The observation is that a girl reading a book is \"taking a decision\" to \"rather walk on the road than go on the underpass\" due to its condition."
  },
  {
    "question": "What does the involvement of the Mayor in a public cleaning drive signify in India?",
    "answer": "The Mayor's involvement, such as joining a group of public volunteers to clean a place, signifies official endorsement and participation in community-led civic improvements."
  },
  {
    "question": "How is the atmosphere of a public space described after it has been cleaned and rescued by the community?",
    "answer": "After being cleaned and rescued, a public space is described as a \"friendly place\" where people are smiling."
  },
  {
    "question": "What happens to \"under connected pedestrian walkways\" in Bangalore that have been dormant?",
    "answer": "These dormant, under-connected pedestrian walkways are being \"rescued\" to become functional again."
  },
  {
    "question": "What is implied about the potential of community action by mentioning \"100 people from this audience came out and did a spot fix\"?",
    "answer": "It implies that a significant number of people from a general audience can be mobilized to take direct action and fix local problems."
  },
  {
    "question": "What is the \"joe shuff it\" that was fixed near the hall's entrance?",
    "answer": "The \"joe shuff it\" refers to an \"open electricity box with the garbage\" located just outside the entrance of the hall."
  },
  {
    "question": "What is a potential reason why previously existing underpasses in Bangalore might be underutilized or neglected?",
    "answer": "The underpasses are either closed or, if open, they are in a very poor, unhygienic state, which deters people from using them."
  },
  {
    "question": "What kind of social structure is hinted at when the mayor asks the public for help?",
    "answer": "It hints at a social structure where government entities might acknowledge their limitations and seek collaborative solutions with the public for civic issues."
  },
  {
    "question": "How does the public's effort contribute to the larger infrastructure network in Bangalore?",
    "answer": "Public efforts contribute to rescuing and opening \"under connected pedestrian walkways\" that were previously dormant, enhancing the city's infrastructure."
  },
  {
    "question": "What cultural value might be inferred from people taking initiative to fix things because \"they felt they needed to do it\"?",
    "answer": "This suggests a cultural value of proactive civic responsibility and a desire for immediate, tangible improvements in their surroundings."
  },
  {
    "question": "What transformation can be seen in the usage of subways once they are cleaned by public volunteers?",
    "answer": "Once cleaned, many people begin walking in the subways, they are smiling, and the space becomes friendly, indicating a major shift from previous disuse."
  },
  {
    "question": "What is the emotional impact of seeing a once-neglected public space transformed and functional again?",
    "answer": "The content implies a positive emotional impact, as people are \"smiling\" and experiencing a \"friendly place\" after the transformation."
  },
  {
    "question": "How did a group of public members demonstrate direct action to improve civic infrastructure?",
    "answer": "A group of public members \"went in, cleaned this place,\" referring to a subway, showcasing direct community action."
  },
  {
    "question": "What is the challenge associated with walking from the library to Freedom Park in Bangalore, as implied?",
    "answer": "It is \"very difficult\" to walk from the library to Freedom Park, suggesting issues with pedestrian connectivity or safety in that area."
  },
  {
    "question": "What is the role of sincerity and effort in improving Indian public spaces?",
    "answer": "It is stated that \"all it takes to convert the public space is a little bit of sincerity and effort,\" highlighting their crucial role."
  },
  {
    "question": "What is the typical appearance of a public subway that has been neglected in an Indian city like Bangalore?",
    "answer": "A neglected public subway appears dark, dingy, and is often characterized by the presence of urine that has not been cleaned for years."
  },
  {
    "question": "How do local residents cope with the challenge of unhygienic public infrastructure in their daily lives?",
    "answer": "Local residents, such as a girl going to college, cope by continuing their daily routines, even if it means \"goes to college with her nose closed\" through neglected areas."
  },
  {
    "question": "What is an example of citizen-led urban renewal mentioned in the context of Bangalore?",
    "answer": "An example is when \"100 people from this room actually went and cleaned up the subways,\" leading to painted and cleaned subways."
  },
  {
    "question": "What is the implication of Bangalore having \"under connected pedestrian walkways which are allowing dormant\"?",
    "answer": "It implies that the city has existing but neglected pedestrian infrastructure that is not being utilized to its full potential."
  },
  {
    "question": "What is the benefit of a community-led initiative like the \"spot fix\" for a city's public spaces?",
    "answer": "A community-led initiative can result in several public spaces, such as subways, being cleaned, painted, and reopened, improving the city's overall infrastructure and usability."
  },
  {
    "question": "What specific action did Ted volunteers take regarding the newly cleaned subway?",
    "answer": "The Ted volunteers \"entered the subway to check it out,\" indicating an inspection of the transformed public space."
  },
  {
    "question": "What makes a particular foot path on the way to Brigade school significant?",
    "answer": "That foot path is significant because it \"has got fixed just two days ago\" due to community effort."
  },
  {
    "question": "What is the primary reason why some public underpasses in Bangalore remain unused despite their design?",
    "answer": "The primary reason is their lack of cleanliness and poor maintenance, making them unhygienic and unwelcoming for pedestrians."
  },
  {
    "question": "How can public sentiment shift regarding neglected infrastructure, as seen with the subways?",
    "answer": "Public sentiment shifts from avoidance and disgust to smiles and increased usage once \"the public has rescued a subway\" and transformed it."
  },
  {
    "question": "What does the phrase \"the public has rescued a subway\" imply about civic responsibility in India?",
    "answer": "It implies that the public can take ownership and active responsibility for improving and maintaining shared civic infrastructure."
  },
  {
    "question": "What is the timeframe for the opening of additional subways in Kiyasi after community efforts?",
    "answer": "It is expected that come \"next week, they will all open,\" referring to six subways in Kiyasi."
  },
  {
    "question": "What kind of civic issues can be addressed by a small group of people with determination, as demonstrated?",
    "answer": "Even small groups can address issues like \"an open electricity box with the garbage,\" fixing it within an hour due to determination."
  },
  {
    "question": "How does the experience of using a public underpass change once it is properly cleaned and maintained?",
    "answer": "The experience changes dramatically, becoming one of convenience and comfort, where people are \"smiling\" and find it a \"friendly place\" to walk."
  }
]