[
  {
    "question": "What observation is made about Indian communities when they live in neighborhoods like Little India Singapore?",
    "answer": "When a group of Indians lives in one neighborhood, we seem to bring down the civic standards."
  },
  {
    "question": "What is a strong self-criticism regarding public cleanliness in India?",
    "answer": "We are the undisputed world champions of public filth."
  },
  {
    "question": "What general characteristic is noted about Indian society regarding rules?",
    "answer": "We are a society that doesn't like to follow rules."
  },
  {
    "question": "Why might a policeman be considered necessary even with traffic lights in India?",
    "answer": "We need a policeman when we have a traffic light because we are a society that doesn't like to follow rules."
  },
  {
    "question": "What was the initial policy concerning dustbins in Bangalore?",
    "answer": "In Bangalore, dustbins are not allowed."
  },
  {
    "question": "What was the expected behavior regarding garbage disposal under Bangalore's initial dustbin policy?",
    "answer": "You'd expect it to keep your garbage at home till the collector comes."
  },
  {
    "question": "How did the initial policy of not allowing dustbins in Bangalore fare in practice?",
    "answer": "It doesn't seem to work."
  },
  {
    "question": "How did the Indranagar neighborhood in Bangalore attempt to solve its garbage problem?",
    "answer": "One neighborhood in Bangalore, Indranagar said, put dustbins."
  },
  {
    "question": "What was the outcome when dustbins were introduced in Indranagar, Bangalore?",
    "answer": "We don't like to follow rules, so all the garbage is outside the dustbin."
  },
  {
    "question": "What term is used to refer to individuals with poor civic sense in India?",
    "answer": "We need to all admit that we are all ugly Indians."
  },
  {
    "question": "Who is identified as being solely responsible for improving civic standards in India?",
    "answer": "Only we can save us from ourselves."
  },
  {
    "question": "What is suggested as a barrier to solving civic problems in India effectively?",
    "answer": "As long as we are emotional about it we won't solve it."
  },
  {
    "question": "What are some common reactions of people who have lost hope regarding civic issues in India?",
    "answer": "A lot of people have given up, they leave the country, they stay in gated communities."
  },
  {
    "question": "What approach was proposed to fix civic problems in a manner suitable for India?",
    "answer": "Some people said no, let us try and fix this problem in an Indian way by understanding the Indian psychology."
  },
  {
    "question": "When and where did social experiments aimed at understanding Indian behavior begin?",
    "answer": "Social experiments began on Church Street in Bangalore in 2010."
  },
  {
    "question": "What was the primary objective of these social experiments in Bangalore?",
    "answer": "The idea was simple. Let us understand Indians' behaviour from a point of view of culture, behavioural psychology."
  },
  {
    "question": "What specific challenge is identified when trying to make an \"ugly Indian\" change their behavior?",
    "answer": "Without him or her realising it, we don't like to be told what to do, we have to be fooled into improving our behaviour."
  },
  {
    "question": "What behavioral strategy is considered for encouraging better public behavior among \"ugly Indians\"?",
    "answer": "Can we nudge the people who are in the same situation? and in ugly Indian towards better behavior in public spaces."
  },
  {
    "question": "What is the \"broken window theory\" in the context of public spaces?",
    "answer": "The broken window theory says that if a place is ugly, it becomes uglier. If a place is beautiful, it commands respect."
  },
  {
    "question": "What is the economic theory known as the \"tragedy of the commons\"?",
    "answer": "The tragedy of the commons means we care for our private spaces, we don't care about public spaces."
  },
  {
    "question": "How is India described in relation to the \"broken window theory\" and \"tragedy of the commons\"?",
    "answer": "India is a perfect example of both these theories in action."
  },
  {
    "question": "What is a typical example of poor civic behavior observed even in upscale Indian neighborhoods?",
    "answer": "A lady is throwing garbage on the road in a beautiful part of an upscale neighborhood."
  },
  {
    "question": "What often prompts individuals to litter in public spaces, according to an observation?",
    "answer": "She is doing it because someone is already thrown before."
  },
  {
    "question": "What is a very common visual example of civic problems on walls across India?",
    "answer": "This is the typical example of civic problems in India. Pan stains on the wall."
  },
  {
    "question": "Where were notable pan stains specifically observed in Bangalore?",
    "answer": "This is on the wall of Deccan Harald newspaper and Church Street."
  },
  {
    "question": "What was the long-standing condition of the pan-stained wall on Church Street?",
    "answer": "It has been like this forever."
  },
  {
    "question": "What is a consequence of public footpaths being neglected with pan stains?",
    "answer": "Because there is pan stains people, nobody walks in that footpath."
  },
  {
    "question": "What initial step did a group of people take to address the pan-stained wall on Church Street?",
    "answer": "A few people sat and observed it and tried an experiment."
  },
  {
    "question": "What was the first physical action taken to improve the pan-stained wall?",
    "answer": "They painted the wall, they painted a red band at the bottom."
  },
  {
    "question": "What is the established brand image of Singapore?",
    "answer": "Singapore's brand image is Cleanliness."
  },
  {
    "question": "What qualities define Singapore as a \"fine city\"?",
    "answer": "They are a fine city, they enforce laws, they are very affluent, they care about their look."
  },
  {
    "question": "What general characteristic about Indians is highlighted when considering Singapore's high civic standards?",
    "answer": "We can beat the world's best citizens (in terms of public filth, implying a stark contrast to Singapore)."
  },
  {
    "question": "What was the aim in the Bangalore social experiments regarding changing an \"ugly Indian\"?",
    "answer": "Let's see what it takes to make an ugly Indian change."
  },
  {
    "question": "What specific aspect of Indian psychology is considered when attempting to improve behavior?",
    "answer": "We don't like to be told what to do."
  },
  {
    "question": "What method is deemed necessary to encourage Indians to improve their behavior without direct instruction?",
    "answer": "We have to be fooled into improving our behaviour."
  },
  {
    "question": "In what specific part of Bangalore did the social experiments mentioned take place?",
    "answer": "Social experiments began on Church Street in Bangalore."
  },
  {
    "question": "How long were the pan stains observed on the Deccan Herald wall on Church Street prior to intervention?",
    "answer": "It has been like this forever."
  },
  {
    "question": "What observation was made about people avoiding neglected footpaths due to pan stains?",
    "answer": "Nobody walks in that footpath."
  },
  {
    "question": "What kind of common issues in India are exemplified by pan stains on walls?",
    "answer": "This is the typical example of civic problems in India."
  },
  {
    "question": "What does the statement \"only we can save us from ourselves\" imply about responsibility for civic improvement in India?",
    "answer": "It implies that the ultimate solution to India's civic problems lies within the society itself."
  },
  {
    "question": "What does the phrase \"understanding the Indian psychology\" suggest about problem-solving approaches in the country?",
    "answer": "It suggests that effective solutions must be tailored by comprehending specific cultural and behavioral traits of Indians."
  },
  {
    "question": "What year did the social experiments on Church Street in Bangalore commence?",
    "answer": "Social experiments began on Church Street in Bangalore in 2010."
  },
  {
    "question": "What problem is highlighted when garbage is found outside dustbins despite their availability?",
    "answer": "This is the problem with us as a society, where all the garbage is outside the dustbin."
  },
  {
    "question": "What kind of area was the setting for the observation of a lady throwing garbage on the road?",
    "answer": "This was in a beautiful part of an upscale neighborhood."
  },
  {
    "question": "What did the people undertaking the Church Street experiment do initially before any physical changes to the wall?",
    "answer": "A few people sat and observed it and tried an experiment."
  },
  {
    "question": "What emotional state is identified as counterproductive to solving civic issues?",
    "answer": "As long as we are emotional about it we won't solve it."
  },
  {
    "question": "What was the intended framework for understanding behavior in the Church Street social experiments?",
    "answer": "The idea was to understand Indians' behaviour from a point of view of culture, behavioural psychology."
  },
  {
    "question": "What contrast is drawn between the care given to private versus public spaces in India?",
    "answer": "We care for our private spaces, we don't care about public spaces."
  },
  {
    "question": "What specific kind of civic issues are pan stains presented as typical examples of in India?",
    "answer": "Pan stains on the wall are a typical example of civic problems in India."
  },
  {
    "question": "What is the key condition for making an \"ugly Indian\" change their behavior, as emphasized by experiments?",
    "answer": "The change must happen without him or her realising it."
  }
]