[
  {
    "question": "What is a common cultural issue related to public spaces in India, often causing visible stains?",
    "answer": "There were often pan stains on walls, which is a common problem in public spaces."
  },
  {
    "question": "What unique Indian solution was applied to prevent pan stains on public walls?",
    "answer": "People put some straw pots at the bottom of walls. Incredibly, there were no more pan stains on that wall after that."
  },
  {
    "question": "How did the straw pot solution work to address the issue of public spitting in India?",
    "answer": "The person spitting pan tries his best to be clean. He chooses to spit into the pot; if he by mistake spits in the corner, the red color masks it."
  },
  {
    "question": "What behavioral change was observed once the straw pots were introduced for spitting pan?",
    "answer": "The person spitting pan, trying his best to be clean, chooses to spit into the pot."
  },
  {
    "question": "How does the \"red color\" play a role in maintaining the perceived cleanliness of walls with pan stains?",
    "answer": "If someone by mistake spits in the corner, the red color masks it, helping to maintain the aesthetics."
  },
  {
    "question": "What happens when people stop spitting pan in public areas, especially concerning footpaths?",
    "answer": "Once people stop spitting, people actually go on the footpath, and this approach works."
  },
  {
    "question": "How has the \"red band at the bottom\" solution been implemented in cities like Bangalore for public cleanliness?",
    "answer": "There are dozens of walls in Bangalore with a red band at the bottom that has taken an Indian solution to apply to an Indian problem."
  },
  {
    "question": "What is the underlying principle behind applying an \"Indian solution to an Indian problem\" in contexts like public cleanliness?",
    "answer": "This is a very common approach, taking an Indian solution to apply to an Indian problem, like the red band at the bottom of walls to mask pan stains."
  },
  {
    "question": "What is the broader implication of simple \"Indian solutions\" being applied to local problems?",
    "answer": "It shows that an Indian solution can be effectively applied to an Indian problem, leading to positive changes like the absence of pan stains."
  },
  {
    "question": "What common social issue can affect young people, even school children, in India?",
    "answer": "A young school boy can face a debt trap. This is seen very often, and the country is full of debt traps."
  },
  {
    "question": "How prevalent is the problem of \"debt traps\" in India?",
    "answer": "The problem of debt traps is seen very often, and the country is full of them."
  },
  {
    "question": "What is the typical daily experience for someone facing a debt trap, as depicted with the school boy?",
    "answer": "The little boy has to walk around and look at the footpath, indicating a daily struggle with challenging conditions related to his predicament."
  },
  {
    "question": "What is a common public grievance regarding infrastructure like footpaths in India?",
    "answer": "Residents often complain for years about problems like broken footpaths, but nothing happens."
  },
  {
    "question": "What is the general public sentiment or action when persistent problems like broken footpaths are observed?",
    "answer": "If you go and ask the residents, they have complained for years, and nothing has happened."
  },
  {
    "question": "What is the message conveyed about individual action when a public problem, like a broken footpath, is observed?",
    "answer": "The message is: if you see a problem, you go fix it, nobody stops you. You can actually make a change and should not waste time complaining."
  },
  {
    "question": "What kind of social initiative proves that individuals can make a difference in community problems?",
    "answer": "When three people decided to fix a footpath, they actually went and fixed it, and it remained fixed for six months. This shows that you can actually make a change."
  },
  {
    "question": "How long did the community-fixed footpath remain in good condition?",
    "answer": "The footpath, once fixed by community members, remained fixed for six months."
  },
  {
    "question": "What is the recommended approach for citizens who identify problems in their community?",
    "answer": "The recommendation is: if you see a problem, you go fix it. Nobody stops you, and you can actually make a change instead of wasting time complaining."
  },
  {
    "question": "What is a key takeaway regarding civic responsibility and public complaints in India?",
    "answer": "The message is: don't waste your time complaining. If you see a problem, you go fix it, and nobody stops you."
  },
  {
    "question": "What are some common issues with litter bins in Indian public spaces?",
    "answer": "Litter bins are often a problem because sometimes they look like animals, or they catch fire with cigarettes, or they are rusting and falling on the ground."
  },
  {
    "question": "What design flaws in existing litter bins make them unsuitable for public use in India?",
    "answer": "Some litter bins look like animals, are made of fiberglass and catch fire with cigarettes, or are rusting and falling on the ground."
  },
  {
    "question": "How do poorly maintained litter bins affect the appearance of a public place?",
    "answer": "Poorly maintained bins can look so dirty that they actually bring down the aesthetics of the place, even though a litter bin is supposed to make it clean."
  },
  {
    "question": "What is the intended purpose of a litter bin, often undermined by its poor condition?",
    "answer": "The litter bin is supposed to make the place clean, but sometimes their dirty appearance brings down the aesthetics."
  },
  {
    "question": "What is a common way people improvise when public litter bins are not available where needed?",
    "answer": "When litter bins are not where people want them, people improvise and put litter in trees."
  },
  {
    "question": "What are some of the key design challenges faced when trying to implement effective public litter bins in India?",
    "answer": "Designers need to create a litter bin that will not get stolen, looks beautiful, that people will use, that lasts through weather, and actually improves the aesthetics of the place."
  },
  {
    "question": "What are the key criteria for designing successful public litter bins in India?",
    "answer": "The criteria are designing a litter bin that will not get stolen, looks beautiful, that people will use, that lasts through weather, and actually improves the aesthetics of the place."
  },
  {
    "question": "What is a unique innovation developed to address the problems of public litter bins in Bangalore?",
    "answer": "An innovation called \"The Bin\" was created, which is a designer dustbin."
  },
  {
    "question": "Where can one find examples of these designer dustbins in Bangalore?",
    "answer": "These designer dustbins can be found on MG Road in Bangalore, specifically Brigade Road."
  },
  {
    "question": "What makes \"The Bin\" an effective and non-stealable solution for public waste management?",
    "answer": "The beautiful part of \"The Bin\" is that it is not steelable; nobody wants it because it is made of materials nobody wants."
  },
  {
    "question": "What characteristic of \"The Bin\" makes it unattractive to thieves?",
    "answer": "It is not steelable because nobody wants it, as it's made of materials nobody wants."
  },
  {
    "question": "How has the implementation of \"The Bin\" impacted public cleanliness in Bangalore?",
    "answer": "For the last three years, there are 200 dustbins across Bangalore, and it has worked because somebody applied his mind to solve a problem as a problem."
  },
  {
    "question": "What does the success of \"The Bin\" in Bangalore demonstrate about problem-solving?",
    "answer": "The success demonstrates that it works because somebody applied his mind to solve a problem as a problem."
  },
  {
    "question": "How many of these designer dustbins have been implemented in Bangalore?",
    "answer": "For the last three years, there are 200 dustbins across Bangalore."
  },
  {
    "question": "What specific locations in Bangalore show effective placement of these new dustbins?",
    "answer": "In front of ITPL, the dustbin is exactly where you need it, especially at a bus stop, and people use it."
  },
  {
    "question": "What is identified as one of the biggest challenges in maintaining public cleanliness in India?",
    "answer": "The biggest problem of all is open garbage."
  },
  {
    "question": "What is a specific example of an open garbage problem even in seemingly well-managed areas?",
    "answer": "There was open garbage outside the Koro Mangala Club, where one would think they would figure it out, but they didn't."
  },
  {
    "question": "What does the persistence of open garbage outside a place like Koro Mangala Club suggest about civic responsibility?",
    "answer": "It suggests that even in well-regarded places, there's a failure to figure out basic cleanliness, despite expectations."
  },
  {
    "question": "What strategy is employed to bring attention and solutions to persistent public cleanliness issues in prominent areas?",
    "answer": "Some people suggested making a prominent location with an open garbage problem as an example. This approach has led to the issue remaining fixed."
  },
  {
    "question": "What does it imply when a problematic site, like open garbage outside Koro Mangala Club, is used as an \"example\"?",
    "answer": "It implies that making such a site an example helps ensure it remains fixed and is not merely a photo op."
  },
  {
    "question": "What is the significance of the statement that the fixed problem outside Koro Mangala Club \"is not a photo op at all\"?",
    "answer": "It signifies that the solution implemented was genuine and lasting, not just for show or temporary publicity."
  },
  {
    "question": "Why are well-known or affluent places sometimes chosen to highlight public cleanliness issues?",
    "answer": "Well-known places are taken as examples because if people who are rich, powerful, and with social pressure cannot do it, then there's something wrong with us."
  },
  {
    "question": "Who is Dr. Rajkumar in the context of Bangalore's influential figures?",
    "answer": "Dr. Rajkumar is a prominent figure, outside whose house persistent issues like open garbage were noted."
  },
  {
    "question": "What is noted about Mr. Puneet Rajkumar's social power in relation to public problems?",
    "answer": "Poor Mr. Puneet Rajkumar has to see a problem like open garbage every year outside his house, even though he's got amazing social power, he couldn't fix it."
  },
  {
    "question": "What does the example of Puneet Rajkumar's inability to fix a public issue outside his own house suggest about social power?",
    "answer": "It suggests that even someone with amazing social power like Puneet Rajkumar couldn't fix a persistent public problem, highlighting the need for community initiative."
  },
  {
    "question": "How does the community action around Dr. Rajkumar's house challenge the idea that influential people alone can solve public issues?",
    "answer": "Despite Dr. Rajkumar's family, like Puneet Rajkumar, having amazing social power, they couldn't fix the problem, showing the need for broader community action."
  },
  {
    "question": "In which part of Bangalore is Ambarish's house located, and what is its significance in addressing public issues?",
    "answer": "Ambarish's house is in JP Nagar. It's noted that people who are important, like Ambarish, are chosen to highlight issues, implying their potential to influence solutions."
  },
  {
    "question": "What is the rationale for selecting the houses of prominent figures like Dr. Rajkumar and Ambarish for civic improvement projects?",
    "answer": "These are chosen because they are well-known people who are important and who can get social pressure to ensure changes are made and maintained."
  },
  {
    "question": "Why are people considered \"important\" or \"powerful\" often associated with addressing public problems in India?",
    "answer": "People who are considered important and powerful are chosen to highlight public problems because of their potential to influence solutions and set examples."
  },
  {
    "question": "What kind of commitment is indicated when civic initiatives target the homes of influential figures like Dr. Rajkumar and Ambarish?",
    "answer": "It indicates a commitment to hold even the powerful accountable and to demonstrate that problems can be fixed, as shown by the sustained changes."
  },
  {
    "question": "What can be inferred about the longevity of solutions implemented by community action, as seen in examples like Dr. Rajkumar's house?",
    "answer": "The solutions, like fixing problems outside Dr. Rajkumar's house, have remained fixed for at least six months, indicating sustained impact from community initiatives."
  }
]