[
  {
    "question": "What is a common piece of advice Indian mothers might give their children regarding strangers?",
    "answer": "Indian mothers often advise, \"don't trust this stranger.\" This reflects a common caution instilled in children about interacting with unknown individuals."
  },
  {
    "question": "How deeply ingrained is a mother's warning against strangers in an individual's consciousness?",
    "answer": "An individual's heart, body, and soul might start screaming \"the words of my mother, don't trust this stranger\" when faced with an unfamiliar situation or person. This indicates a deep internalization of parental guidance."
  },
  {
    "question": "What is a typical response from guest houses in certain parts of India to individuals traveling alone?",
    "answer": "In some regions, guest houses may refuse accommodation, stating, \"We don't give stay to those people who travel alone.\" This can be a surprising policy for travelers."
  },
  {
    "question": "What reason might a guest house owner give for not providing stay to solo travelers in places like Gokarna?",
    "answer": "A guest house owner might explain that \"just few days ago, person like you checked in one of the guest houses, guesthouse and committed suicide.\" This tragic incident often leads to stricter policies."
  },
  {
    "question": "What are the severe consequences for a guest house in India if a suicide occurs on its premises?",
    "answer": "If a person commits suicide in a guest house, \"Police came and the cancer of the license of that guesthouse.\" This means the establishment could lose its operating license."
  },
  {
    "question": "How do police investigations impact guest houses in India if a suspicious death, like a suspected murder, occurs?",
    "answer": "In cases of suspected murder, police investigations can lead to severe actions, such as \"the cancer of the license of that guesthouse.\" This highlights the significant risks guest house owners face."
  },
  {
    "question": "What is a common respectful term used to address an older man, such as a guest house owner, in India?",
    "answer": "It is common to address an older man, like a guest house owner, as \"Uncle.\" This term is used respectfully, even if there is no familial relation."
  },
  {
    "question": "How might a traveler attempt to secure accommodation when faced with a guest house owner who is initially hesitant?",
    "answer": "A traveler might try to engage the owner in conversation, perhaps by asking, \"Uncle, why they are not giving stay to those who are traveling alone?\" This approach can sometimes open up dialogue and possibilities."
  },
  {
    "question": "What factors can significantly increase a person's adrenaline and nervousness in an unfamiliar setting in India?",
    "answer": "Listening to words like \"murder, suicide, police\" is enough to increase the adrenaline level in a person's body. These unsettling terms can make one feel nervous and skeptical about everything."
  },
  {
    "question": "What feeling might one experience when exposed to unsettling news like murder and suicide while in a new environment?",
    "answer": "One might start feeling, \"Praveen, you are at the wrong place, at the wrong time, and maybe the wrong time.\" This leads to nervousness and skepticism about one's surroundings."
  },
  {
    "question": "How might a past event like a murder in a guest house affect a new guest's perception of their room and belongings?",
    "answer": "A new guest might become suspicious, wondering, \"is this the same guest house where murder happened? Oh, is this the same room?\" They might even suspect something added to their water bottle."
  },
  {
    "question": "What is the general perception of Gokarna as a place, especially when mentioned in travel contexts?",
    "answer": "Gokarna is described as \"a beautiful place,\" often associated with the region near Goa. It is known for its scenic beauty."
  },
  {
    "question": "What are the typical weather conditions and challenges a traveler might face in Gokarna during the late evening?",
    "answer": "Around 10 PM in Gokarna, it can be \"raining very heavily, too dark.\" This makes it challenging to find accommodation and navigate the area."
  },
  {
    "question": "What can cause a traveler to struggle for a stay in a place like Gokarna during adverse weather?",
    "answer": "Even in a beautiful place like Gokarna, a traveler might struggle for a stay if it's \"raining very heavily, too dark.\" Additionally, policies against solo travelers can limit options."
  },
  {
    "question": "What specific concerns do guest house owners in India have that might lead them to deny accommodation to solo travelers?",
    "answer": "Guest house owners are concerned about tragic incidents like a person committing suicide, which can lead to police involvement and \"the cancer of the license of that guesthouse.\" This risk makes them cautious."
  },
  {
    "question": "How does a mother's voice resonate when an individual is confronted with fear or suspicion in a new environment?",
    "answer": "An individual's \"heart, body, my soul started screaming the words of my mother, Praveen, don't trust this stranger. Don't drink this water.\" This indicates a deep-seated caution from upbringing."
  },
  {
    "question": "What is the emotional state when an Indian individual's internal voice echoes their mother's warnings about trust?",
    "answer": "When confronted with suspicion, the \"heart, my body, my soul started screaming the words of my mother.\" This signifies a powerful internal conflict between instinct and learned caution."
  },
  {
    "question": "How do guest house owners sometimes explain their reluctance to host solo travelers in India?",
    "answer": "They explain that a solo traveler \"committed suicide\" in a guest house, which led to \"the cancer of the license of that guesthouse.\" This highlights the severe repercussions they face."
  },
  {
    "question": "What assumption might an Indian traveler make about an older man sitting at the reception of a guest house?",
    "answer": "An Indian traveler might assume he is \"the owner of the guest house.\" This is a common assumption when an older man is present in such a role."
  },
  {
    "question": "In what specific way can police action impact the operations of a guest house in India following a serious incident?",
    "answer": "Police action can directly lead to \"the cancer of the license of that guesthouse.\" This means the business can be shut down due to regulatory consequences."
  },
  {
    "question": "What kind of environment might lead an individual to feel nervous and skeptical about their surroundings in India?",
    "answer": "An environment where one has just listened to words like \"murder, suicide, police\" is enough to make one feel nervous and skeptical about everything. This creates a highly anxious state."
  },
  {
    "question": "What is a typical immediate reaction when one hears news of serious crime, like murder, having occurred in their vicinity?",
    "answer": "The immediate reaction is to question if they are in the wrong place, wondering, \"is this the same guest house where murder happened? Oh, is this the same room?\" This creates a sense of unease."
  },
  {
    "question": "How might an Indian individual rationalize a decision to trust despite ingrained warnings against strangers?",
    "answer": "Despite \"screaming the words of my mother, don't trust this stranger,\" an individual might decide to trust because they are \"playing with trust game\" and feel they \"have to trust.\" This indicates a conscious effort to overcome ingrained caution."
  },
  {
    "question": "What kind of mental struggle might one face when deciding whether to consume something offered by a stranger in a suspicious situation?",
    "answer": "One might internally debate, \"What if they have added something in this?\" This arises from the fear and suspicion that an item like a water bottle might be tampered with."
  },
  {
    "question": "Why might an old lady working at a guest house in India be perceived as scary in certain tense situations?",
    "answer": "In a tense situation, an \"old lady shouted from behind\" might be perceived as scary. This is especially true if one is already feeling nervous and skeptical about their surroundings."
  },
  {
    "question": "What is the typical appearance of a guest house owner or manager in a casual setting in India, as observed by travelers?",
    "answer": "A guest house owner might be seen \"wearing white colour shirt\" while sitting down. This is a common, understated attire for such individuals."
  },
  {
    "question": "What cultural understanding prompts a traveler to use the term \"Uncle\" when addressing an older man who is a guest house owner?",
    "answer": "The cultural understanding is that using \"Uncle\" shows respect for elders, even if they are strangers or service providers. It facilitates a polite interaction."
  },
  {
    "question": "How does the fear of official repercussions influence the policies of small businesses like guest houses in India?",
    "answer": "The fear of repercussions, like \"the cancer of the license,\" significantly influences policies, leading them to deny service to guests deemed high-risk, such as solo travelers."
  },
  {
    "question": "What common internal dialogue arises when an individual feels they are in a precarious situation in India, possibly involving danger?",
    "answer": "The internal dialogue might be, \"Praveen, you are at the wrong place, at the wrong time, and maybe the wrong time.\" This reflects a strong sense of impending doom or regret."
  },
  {
    "question": "What specific concern does an Indian guest house owner express about police investigations into incidents on their property?",
    "answer": "The owner expresses concern that \"police is suspecting. Murder,\" highlighting the serious implications and higher level of scrutiny for such cases compared to suicide."
  },
  {
    "question": "What is the immediate cultural challenge when a guest house denies stay to solo travelers due to past incidents?",
    "answer": "The challenge is overcoming the rigid policy, as guest houses state, \"We don't give stay to those people who travel alone,\" making it difficult for an individual to find accommodation."
  },
  {
    "question": "How does the absence of water in a room contribute to a guest's anxiety in a suspicious Indian guest house setting?",
    "answer": "Noticing \"there is no water in the room\" can heighten anxiety, especially after hearing unsettling stories. This absence of a basic amenity can fuel further suspicion."
  },
  {
    "question": "What is a traveler's initial reaction and thought process when a guest house owner explains a tragic past event to justify denial of stay?",
    "answer": "A traveler might respond, \"sad but why the cancer of the license of that guesthouse?\" This shows a natural curiosity about the specific regulatory consequences."
  },
  {
    "question": "How might an Indian person's internal alarm bells be triggered when faced with a situation that challenges their instilled caution?",
    "answer": "Their \"heart, my body, my soul started screaming the words of my mother, don't trust this stranger.\" This internal scream signifies a strong emotional and cultural defense mechanism."
  },
  {
    "question": "What kind of general suspicion can arise about everyday items when a person feels threatened in a strange Indian lodging?",
    "answer": "One might question an item like \"that water bottle,\" wondering, \"Maybe they have added something in this.\" This reflects heightened paranoia in a suspicious environment."
  },
  {
    "question": "What is the social implication of a guest house owner being forced to close down due to an incident on their property in India?",
    "answer": "The \"cancer of the license of that guesthouse\" implies a severe and often permanent termination of their business operations. This shows the harsh regulatory environment."
  },
  {
    "question": "What psychological impact can a series of unsettling words like \"murder, suicide, police\" have on an individual's perception of their immediate surroundings?",
    "answer": "These words are enough \"to make you feel nervous and skeptical about everything in the world.\" They can drastically alter one's sense of security and trust in their environment."
  },
  {
    "question": "How does an Indian individual's upbringing, particularly from a mother, guide their initial reaction to strangers in new situations?",
    "answer": "The upbringing instills a strong initial reaction, as the internal voice echoes \"don't trust this stranger.\" This is a fundamental lesson passed down through generations."
  },
  {
    "question": "What is the immediate thought process of a male traveler when told that guest houses do not accommodate solo travelers?",
    "answer": "A male traveler might react with surprise, thinking, \"I am travelling alone, not with a girl. Come on!\" This suggests a common expectation that such restrictions might primarily apply to female solo travelers."
  },
  {
    "question": "What specific challenge did a traveler face in Gokarna related to basic amenities upon securing a room?",
    "answer": "Upon reaching the room, the traveler noticed \"there is no water in the room.\" This lack of a basic amenity added to the existing unease."
  },
  {
    "question": "What are the circumstances under which rooms in guest houses in places like Gokarna might be found locked at night?",
    "answer": "Even at 10 PM in a guest house, \"four rooms on the top, all four were locked.\" This might be a standard practice for security or unavailability."
  },
  {
    "question": "How does the phrase \"playing with trust game\" describe a conscious decision to override natural caution in an Indian context?",
    "answer": "The phrase indicates a deliberate act of choosing to trust despite internal warnings. It's a personal challenge to oneself, even against ingrained cultural caution."
  },
  {
    "question": "What is the general attitude towards security and privacy in guest houses, implied by rooms being locked at night?",
    "answer": "The fact that \"all four were locked\" suggests a standard practice for security, ensuring privacy and safety for unoccupied rooms, especially late at night."
  },
  {
    "question": "What kind of atmosphere might be created by a dark, heavily raining night in a coastal Indian town like Gokarna for a solo traveler?",
    "answer": "Such conditions create a challenging and somewhat foreboding atmosphere, making the search for \"stay\" more desperate and isolating."
  },
  {
    "question": "How might an old lady's sudden shout be perceived by someone already feeling nervous in an unfamiliar Indian guest house?",
    "answer": "An \"old lady shouted from behind, excuse me,\" can be quite startling and \"scared\" someone who is already nervous, especially if her appearance is perceived as unsettling."
  },
  {
    "question": "What might be a traveler's internal question when a guest house owner mentions a past suicide but the police suspect murder?",
    "answer": "The traveler might ponder, \"sad but why the cancer of the license of that guesthouse?\" This highlights a desire to understand the logic behind police actions for different types of incidents."
  },
  {
    "question": "What is a typical immediate action a traveler might take upon being startled by someone from behind in an Indian guest house?",
    "answer": "The immediate action is to turn back, and upon doing so, one might \"get scared\" by the unexpected encounter."
  },
  {
    "question": "How can a guest manage to convince a hesitant guest house owner for a room despite initial refusal based on policies against solo travelers?",
    "answer": "Through conversation and engagement, it is possible to \"able to convince him for the room,\" demonstrating that personal interaction can sometimes overcome established policies."
  },
  {
    "question": "What personal item might an Indian traveler carry that could become a source of suspicion if they are feeling nervous in a new place?",
    "answer": "An item like \"that water bottle\" from one's bag could become a source of suspicion, with thoughts like, \"Maybe they have added something in this.\""
  },
  {
    "question": "What might be the emotional impact of hearing a local explanation for guest house policies that involves death and police?",
    "answer": "Such an explanation is enough \"to make you feel nervous and skeptical about everything in the world,\" creating a profound sense of unease and distrust."
  }
]