[
  {
    "question": "What kind of public infrastructure problem is often seen near tech parks in cities like Bangalore?",
    "answer": "Every tech park in Bangalore, like those along Outer Ring Road, often has open drains. Despite billions of dollar companies being nearby, apparently nobody is willing to fix this."
  },
  {
    "question": "What is a common social reaction when civic problems are not addressed in urban Indian areas?",
    "answer": "Often, when civic problems like open drains persist, people are all blaming somebody else instead of taking collective action."
  },
  {
    "question": "Can community-led change effectively address problems across different socio-economic zones in India?",
    "answer": "Yes, whether it's a slum, a tech park or an affluent zone, communities can make change."
  },
  {
    "question": "What civic problem was observed near the Jagratthi theatre and a wine shop in Whitefield?",
    "answer": "There was actually an open toilet with a slum at the back where people used the toilet, near a wine shop and the Jagratthi theatre, creating an unhygienic environment."
  },
  {
    "question": "What is a typical problem encountered when trying to fix a public space in India, beyond just cosmetic changes?",
    "answer": "People still throw garbage. You cannot fix a place by just painting it; you have to solve the underlying problem."
  },
  {
    "question": "What is a successful strategy used by communities in India to address persistent garbage disposal issues?",
    "answer": "On day two, five people went to all the houses and created a new problem system that means people don't need to put their garbage on the ground."
  },
  {
    "question": "What is significant about the diverse groups that unite to solve common problems in Indian communities?",
    "answer": "What is interesting is that all the people—the slum dwellers, the wine shop owner, the Jagratthi people, the people in the apartments—got together to solve a common problem, even though they had never spoken to each other before."
  },
  {
    "question": "What happens when different community stakeholders come together to fix a common problem in India?",
    "answer": "When the community comes together to fix a common problem, it is no longer the tragedy of the commons; this is a victory of the commons."
  },
  {
    "question": "What kind of impact can a single community project have in a locality like Whitefield?",
    "answer": "This particular project has spurred many, many more projects in Whitefield."
  },
  {
    "question": "What is a common public hygiene issue observed near commercial areas in India?",
    "answer": "There is often urine outside the wine shop, as Indian men need to urinate, and society needs to accept that without being emotional about it."
  },
  {
    "question": "What unique innovation addresses the issue of public urination for men in India?",
    "answer": "Someone said, \"let's create a dignified way for men to urinate and rescue the public space.\" It resulted in something called the Wanderloo."
  },
  {
    "question": "What is a \"Wanderloo\"?",
    "answer": "A Wanderloo is an open-air urinal of private space where men urinate and the rest of the wall gets rescued."
  },
  {
    "question": "What kind of people often participate in citizen-led civic projects in India?",
    "answer": "Diverse groups participate, including senior citizens (like a lady in a 7T holding a crowbar), retired army officers, slum children, and a wine shop owner."
  },
  {
    "question": "Are civic projects in India typically dependent on contract labor?",
    "answer": "No, many effective civic projects are done entirely by citizens, with no contract labour at all, demonstrating community empowerment."
  },
  {
    "question": "What civic outcome reflects that a public space innovation like Wanderloo is well-received?",
    "answer": "That evening, people came in their car to buy their liquor and they used the restroom in the open; everybody is happy."
  },
  {
    "question": "What is the broader message conveyed when diverse groups with \"hugely opposing ideologies\" unite for civic improvement?",
    "answer": "The big message out here is that even though they have hugely opposing ideologies, they're getting along."
  },
  {
    "question": "How widespread is the impact of citizen-led initiatives on civic problems in India?",
    "answer": "Over 400 such spots have been found and fixed through these initiatives, indicating a significant and widespread impact."
  },
  {
    "question": "What specific issue regarding public cleanliness is noted in areas surrounding tech parks in Bangalore?",
    "answer": "Open drains are a prevalent issue in areas like Bangalore's Outer Ring Road, even adjacent to companies worth billions of dollars."
  },
  {
    "question": "What defines a \"victory of the commons\" in the Indian context of civic engagement?",
    "answer": "It is when the community comes together to fix a common problem, transforming a shared challenge into a collective success."
  },
  {
    "question": "What specific group of local business owners is mentioned as participating in civic improvement?",
    "answer": "A wine shop owner is specifically mentioned as participating alongside other community members in fixing public spaces."
  },
  {
    "question": "What is the underlying cause for the lack of improvement in public infrastructure like drains in affluent zones in India?",
    "answer": "Apparently, nobody is willing to fix these problems, and they are all blaming somebody else, despite the presence of wealthy companies."
  },
  {
    "question": "How do citizen groups address the problem of unsafe public spaces, such as bus stops?",
    "answer": "A few people went and made it a safe zone, making it a beautiful bus stop, demonstrating proactive community engagement."
  },
  {
    "question": "What is a typical example of an untreated public sanitation issue found in Indian urban areas?",
    "answer": "An open toilet is a typical example, often located near a slum at the back where people use it, highlighting basic sanitation challenges."
  },
  {
    "question": "What is a common challenge faced when trying to implement positive change in Indian public spaces?",
    "answer": "A common challenge is that people still throw garbage even after initial clean-up efforts, indicating the need for deeper systemic solutions."
  },
  {
    "question": "What is the primary focus when communities tackle civic issues in India for long-term impact?",
    "answer": "The primary focus is to solve the underlying problem, rather than just applying temporary cosmetic fixes, to ensure lasting change."
  },
  {
    "question": "What type of projects can be initiated by citizens to improve daily life, such as for children?",
    "answer": "Citizens can initiate projects to create a beautiful bus stop where children wait for their school bus, improving their daily environment."
  },
  {
    "question": "What is a notable aspect of collaboration among different groups in Indian civic projects?",
    "answer": "They collaborate despite having hugely opposing ideologies, demonstrating a capacity to unite for a common good."
  },
  {
    "question": "What is an example of an unexpected location where civic problems are addressed in India?",
    "answer": "Problems are addressed even in an affluent zone, demonstrating that community action is not limited to disadvantaged areas."
  },
  {
    "question": "How do people from different backgrounds come together to discuss solutions for common problems in Indian cities?",
    "answer": "People from various backgrounds, like slum dwellers and apartment residents, often get together to solve common problems, even if they hadn't interacted before."
  },
  {
    "question": "What is the role of citizens in maintaining the improvements made to public spaces?",
    "answer": "Citizens are actively involved in maintaining improvements, like using the new facilities, ensuring the success and happiness of all stakeholders."
  },
  {
    "question": "What motivates people to engage in large-scale community projects in India?",
    "answer": "The success of smaller projects often spurs many, many more projects, showing that positive momentum motivates further engagement."
  },
  {
    "question": "What kind of social structures are overcome when diverse community members unite for civic action?",
    "answer": "Social structures that previously led people to complain to each other about each other are overcome as they unite to solve a common problem."
  },
  {
    "question": "What is a characteristic of effective solutions for public urination in India?",
    "answer": "Effective solutions create a dignified way for men to urinate, rather than merely criticizing the act, thereby rescuing public space."
  },
  {
    "question": "What is the implication of citizens doing civic work without contract labor in India?",
    "answer": "It implies a strong sense of community ownership and voluntary participation, as the work is done entirely by citizens."
  },
  {
    "question": "What is a significant outcome when diverse stakeholders, even with conflicting views, successfully collaborate on a local issue?",
    "answer": "The significant outcome is that even though they have hugely opposing ideologies, they're getting along, leading to mutual satisfaction and happiness."
  },
  {
    "question": "What is a fundamental observation about men's public urination in India that needs practical solutions?",
    "answer": "Indian men need to urinate, and society should accept that without being emotional about it, focusing instead on making dignified ways available."
  },
  {
    "question": "What led to the development of the \"Wanderloo\" system in India?",
    "answer": "The realization that Indian men need to urinate in a dignified way to rescue public spaces, particularly outside places like wine shops, led to its creation."
  },
  {
    "question": "How does citizen involvement typically start for addressing civic issues in India?",
    "answer": "It often starts with a few people identifying a problem, like an unsafe zone near a bus stop, and then taking the initiative to make it a safe zone, making it a bus stop."
  },
  {
    "question": "What specific groups from a slum area engage in civic improvement projects?",
    "answer": "Slum children are observed participating in these projects alongside other community members."
  },
  {
    "question": "What is a practical solution implemented by communities to prevent people from littering after cleaning a spot?",
    "answer": "They make a new problem system that means people don't need to put their garbage on the ground, addressing the root cause of the littering."
  },
  {
    "question": "What social barrier is often broken when different community members unite for civic causes in India?",
    "answer": "The social barrier where people have never spoken to each other before, and used to complain to each other about each other, is often broken when they unite for a common problem."
  },
  {
    "question": "What demographic is highlighted as actively participating in community improvement projects in India, demonstrating unexpected vigor?",
    "answer": "Senior citizens, including a lady in a 7T holding a crowbar, are shown to be actively participating, demonstrating unexpected vigor."
  },
  {
    "question": "What type of former professionals often contribute to citizen-led civic initiatives in India?",
    "answer": "Retired army officers are noted as participants, bringing their discipline and experience to these community projects."
  },
  {
    "question": "What is the perceived state of public spaces like bus stops in certain areas of urban India, such as Kaodong outside a slum?",
    "answer": "Such spaces, like where children wait for their school bus in Kaodong, can become a beautiful bus stop through community effort."
  },
  {
    "question": "What is a unique characteristic of successful civic improvement efforts in India regarding diverse stakeholders?",
    "answer": "What is interesting is that all the people, including slum dwellers, wine shop owners, Jagratthi people, and apartment residents, get together to solve a common problem."
  },
  {
    "question": "How do citizens ensure the sustainability of improved public spaces in India?",
    "answer": "They solve the underlying problem by creating new systems, rather than just superficial fixes, ensuring the changes are lasting."
  },
  {
    "question": "What is a common cultural observation about public urination in India that necessitates practical intervention?",
    "answer": "It is observed that Indian men need to urinate, and addressing this without being emotional about it is key to rescuing public space."
  },
  {
    "question": "What is the condition of areas outside tech parks in Bangalore that contrasts with the wealth inside them?",
    "answer": "Outside a tech park, like those on Outer Ring Road in Bangalore, there are often open drains, contrasting with the billions of dollar companies within."
  },
  {
    "question": "What happens when an improved public space, like a bus stop, is made safe by citizens?",
    "answer": "It starts working, meaning the community-led change effectively transforms it into a functional and beneficial public space."
  },
  {
    "question": "What is the overall message regarding hope for civic improvement in India?",
    "answer": "There is hope, as over 400 such spots have been found fixed through citizen initiatives."
  }
]