[
  {
    "question": "What is a significant change observed in government and citizen engagement in Indian cities?",
    "answer": "The Bangalore and the BBMP have \"taken the first step in entering partnership with citizen movements,\" which is \"unprecedented in India.\""
  },
  {
    "question": "What does \"BBMP\" refer to in the context of urban governance in Bangalore?",
    "answer": "The BBMP is a government entity in Bangalore that has \"taken the first step in entering partnership with citizen movements\" to improve the city."
  },
  {
    "question": "What outcome are authorities hoping for by partnering with citizen movements in India?",
    "answer": "They are \"hopeful that other cities take note that when the collective energies of the government employees are put on the common cause which is improving the city, dramatic change can happen.\""
  },
  {
    "question": "What common past behavior between citizens and the government in India is being encouraged to change?",
    "answer": "There's a recognition that people have \"spent too much time fighting with the government,\" and this behavior \"should stop.\""
  },
  {
    "question": "What is a prevalent sentiment about India's current progress and future?",
    "answer": "There's a strong belief that \"India is truly rising.\""
  },
  {
    "question": "Where did a significant urban improvement movement originate in Bangalore?",
    "answer": "A citizen movement focused on urban improvement \"began in Bangalore in Church Street four years ago.\""
  },
  {
    "question": "How extensively have urban citizen movements spread within Bangalore itself?",
    "answer": "The movement \"quickly spread and now there are literally 20 to 30 teams in Bangalore operational.\""
  },
  {
    "question": "What digital platform is commonly used by these citizen movements to organize and share their work?",
    "answer": "\"All their work is on Facebook,\" serving as a central hub for communication and showcasing efforts."
  },
  {
    "question": "Beyond Bangalore, how widely have these citizen movements for city improvement spread across India?",
    "answer": "Slowly \"across India there are 30 to 40 cities\" involved, including places like Kanpur, Agra, and Chennai."
  },
  {
    "question": "What is unique about how participants in these Indian citizen movements collaborate?",
    "answer": "Interestingly, \"none of them know each other nobody talks to each other,\" yet they work towards a common goal."
  },
  {
    "question": "What is the most important factor for citizen volunteers engaged in these urban improvement initiatives?",
    "answer": "For them, \"the only thing that counts is results.\""
  },
  {
    "question": "What is the message to individuals about taking action for their city?",
    "answer": "The message is \"wherever you are go out and do something.\""
  },
  {
    "question": "How does public visibility help in attracting more participants to local improvement efforts in India?",
    "answer": "If an individual's work \"comes out and ugly\" (meaning visible and impactful), and they \"become famous on your street, other people join you.\""
  },
  {
    "question": "Which Indian cities are noted for trying to emulate successful citizen-led urban improvement models?",
    "answer": "\"Kanpur, Amritsar, Agra, Chennai, everybody is trying to copy, emulate what's happening elsewhere.\""
  },
  {
    "question": "What is a common Indian philosophy or \"simple message\" about initiating global change?",
    "answer": "The \"simple message\" is, \"If you want to change the world, start with your own street.\""
  },
  {
    "question": "What is emphasized about personal responsibility when it comes to changing one's immediate surroundings?",
    "answer": "It is stressed that \"If you want your street to change, you should do it.\""
  },
  {
    "question": "What is the outcome if someone waits for others to initiate change in their local environment?",
    "answer": "If \"you wait for somebody else to do it, it may never happen.\""
  },
  {
    "question": "Why do groups like \"The Ugly Indian\" intentionally maintain anonymity?",
    "answer": "Anonymity is key because in India, \"we make judgments on people and not on the work they do.\""
  },
  {
    "question": "What kinds of personal identifiers do members of \"The Ugly Indian\" choose to keep private?",
    "answer": "They keep details such as \"age, religion, caste, political views,\" and even appearance like \"whether I wear a ponytail or I have a tattoo\" private."
  },
  {
    "question": "What social issue is highlighted regarding how individuals are often evaluated in India?",
    "answer": "A significant problem mentioned is that \"we make judgments on people and not on the work they do.\""
  },
  {
    "question": "How does anonymity specifically encourage broader participation in Indian citizen movements?",
    "answer": "Anonymity \"allows a lot of people to come and join the fold\" by removing personal biases that might otherwise deter participation."
  },
  {
    "question": "What is the primary focus of work done by anonymous groups like \"The Ugly Indian\"?",
    "answer": "The focus is \"only on results not who did it why they're doing it what are their motivations.\""
  },
  {
    "question": "What is the message given to Indian citizens to move from passive observation to active engagement in improving their surroundings?",
    "answer": "The message is to \"stop being a an ugly Indian from today, go out and do something.\""
  },
  {
    "question": "What is the meaning of the \"chalta hai attitude\" in common Indian parlance?",
    "answer": "The \"chalta hai attitude\" represents a casual acceptance of a less-than-ideal situation, often reflected in thoughts like, \"I don't care. It's not my problem.\""
  },
  {
    "question": "How might the \"chalta hai attitude\" manifest in a daily situation in India, for example, regarding public infrastructure?",
    "answer": "It could be observed when someone needs \"to get from there. to be able to just jump over\" a broken footpath, instead of addressing the issue."
  },
  {
    "question": "What change in mindset is proposed to move away from the \"chalta hai\" attitude?",
    "answer": "There is a clear need to \"change from chalta hai to kam chalo.\""
  },
  {
    "question": "What does the term \"kam chalo\" imply as a desirable cultural attitude in India?",
    "answer": "\"Kam chalo\" implies a proactive, problem-solving approach, in contrast to the passive acceptance of \"chalta hai.\""
  },
  {
    "question": "How was the \"kam chalo\" mindset exemplified by fixing a broken footpath?",
    "answer": "It was demonstrated by going to a construction site, getting \"some laborers,\" and \"some iron rods\" to fix the problem directly."
  },
  {
    "question": "How does immediate action relate to transforming the \"chalta hai\" attitude into \"kam chalo\"?",
    "answer": "By taking direct action, like fixing a problem, \"chalta hai got changed to calm chalu.\""
  },
  {
    "question": "Why is the partnership between Bangalore's BBMP and citizen movements considered unique in India?",
    "answer": "It is \"unprecedented in India\" for a government body to enter such a partnership, setting a new benchmark for urban collaboration."
  },
  {
    "question": "What is believed to be the power behind significant urban change when government and citizens unite?",
    "answer": "It is believed that \"when the collective energies of the government employees are put on the common cause which is improving the city, dramatic change can happen.\""
  },
  {
    "question": "How do citizen movements in India typically leverage Facebook?",
    "answer": "They use Facebook as a platform where \"all their work is on Facebook,\" likely for sharing updates, coordinating, and demonstrating impact."
  },
  {
    "question": "What distinguishes the motivation of individuals involved in these widespread Indian citizen movements?",
    "answer": "The motivation is purely altruistic, as \"none of them know each other nobody talks to each other,\" yet they are driven by results."
  },
  {
    "question": "How does the spread of citizen movements to various Indian cities like Kanpur, Agra, and Chennai reflect their success?",
    "answer": "The fact that \"everybody is trying to copy, emulate what's happening elsewhere\" indicates the positive impact and success of these initiatives."
  },
  {
    "question": "What common urban infrastructure problem is highlighted with the example of \"footpath\"?",
    "answer": "The example of a \"footpath\" illustrates how often essential public infrastructure, like pathways for pedestrians, can be neglected or in disrepair."
  },
  {
    "question": "What specific instruction on a footpath illustrates the issue of inadequate civic planning or maintenance?",
    "answer": "A sign that \"says way to score very helpfully. So if you are going to school this you should basically take that footpath\" highlights the contrast between intended use and actual condition."
  },
  {
    "question": "What does the phrase \"your own street\" represent in the context of civic responsibility in India?",
    "answer": "\"Your own street\" symbolizes the immediate local environment that an individual has the power and responsibility to change directly."
  },
  {
    "question": "What is a key challenge to initiating local change in India, and how can it be overcome?",
    "answer": "The challenge is waiting for others, as \"If you wait for somebody else to do it, it may never happen,\" so personal action is crucial."
  },
  {
    "question": "What are the main societal reasons cited for why people involved in citizen movements might prefer to remain anonymous in India?",
    "answer": "Anonymity helps avoid judgments based on personal attributes like \"gender,\" \"age,\" \"religion,\" \"caste,\" or \"political views,\" allowing the focus to remain on the work itself."
  },
  {
    "question": "How does anonymity help maintain focus on the core mission of citizen improvement groups?",
    "answer": "Anonymity ensures that the focus is \"only on results not who did it why they're doing it what are their motivations,\" preventing personal details from becoming a distraction."
  },
  {
    "question": "What visual evidence is presented to show the possibility of change in neglected public spaces?",
    "answer": "A comparison is made between \"how it looked like outside where we are\" and the subsequent improved state, demonstrating that positive change is achievable."
  },
  {
    "question": "What kind of simple, immediate solutions are advocated for addressing minor civic issues?",
    "answer": "Simple fixes involve getting \"some laborers\" and \"some iron rods\" from a construction site to address problems directly and effectively."
  },
  {
    "question": "What cultural insight does the movement provide about the power of individual initiative in India?",
    "answer": "It shows that even individuals, perhaps with a friend, can initiate change, exemplified by going to \"a construction site\" to gather materials and labor."
  },
  {
    "question": "What is the journey of attitude transformation from accepting civic problems to actively resolving them?",
    "answer": "It is a journey from the passive \"chalta hai attitude\" to a proactive \"kam chalo\" approach, involving direct intervention to fix issues."
  },
  {
    "question": "How does the anonymity of participants promote civic collaboration among diverse individuals?",
    "answer": "Anonymity bypasses potential social barriers like \"religion\" or \"caste,\" allowing diverse people to \"come and join the fold\" based purely on shared intent for city improvement."
  },
  {
    "question": "What ultimate decision is left to individuals regarding their engagement in civic improvement?",
    "answer": "The \"choice is yours\" when it comes to deciding whether to act or wait for others to bring about change in their surroundings."
  },
  {
    "question": "How do small-scale improvement projects initiated by individuals influence the broader community in India?",
    "answer": "When individual work \"comes out and ugly\" (visible and impactful), and one \"become famous on your street,\" it inspires \"other people join you.\""
  },
  {
    "question": "In citizen-led social activism in India, what is considered the ultimate measure of success?",
    "answer": "The ultimate measure is \"results,\" as \"the only thing that counts is results\" for the people involved."
  },
  {
    "question": "What is the overall message about the timing of taking civic action in India?",
    "answer": "The message is to begin \"from today,\" emphasizing immediate action rather than procrastination."
  },
  {
    "question": "What is implied about the potential for future civic engagement if past actions are showcased effectively?",
    "answer": "If one's \"work comes out and ugly\" and they \"become famous on your street,\" it suggests a snowball effect where \"other people join you.\""
  }
]