[
  {
    "question": "What is a common and respectful greeting used when introducing oneself in India?",
    "answer": "A common and respectful way to introduce oneself is to say, \"Namaste.\" It's a traditional greeting used widely across the country."
  },
  {
    "question": "What are some typical life expectations parents often have for their children, observed across many generations?",
    "answer": "For generations, parents often expect their children to \"Get a good diploma. Get a good job. Find a good partner. Marry them. Buy a house and have children.\" These are deeply ingrained societal milestones."
  },
  {
    "question": "What might be a common reaction or perception when someone from a comfortable Western life decides to move to India?",
    "answer": "When someone leaves a comfortable life in a place like the Netherlands to come to India, others might question, \"Why would you leave such a comfortable life? India of all places.\" This often highlights a perception of India as a challenging destination."
  },
  {
    "question": "What metaphorical journey might someone undertake when pursuing significant life goals in India?",
    "answer": "Some people describe their pursuit of significant life goals as a \"one-way road of dreams to India.\" It signifies a determined, often irreversible, commitment to a new path in the country."
  },
  {
    "question": "What kind of practical, local initiatives might be seen in Indian communities to address urban issues like traffic or pedestrian safety?",
    "answer": "In urban areas, communities might undertake \"spot fix\" initiatives to address specific problems like creating a \"pedestrian circle for pedestrians\" where none existed before, demonstrating local problem-solving."
  },
  {
    "question": "What is the significance of the term \"jugaad\" in the context of Indian innovation and problem-solving?",
    "answer": "\"Jugaad\" is more than just a word; it's a mindset. It describes the art of \"frugal innovation,\" creating an alternative solution using limited resources to overcome a challenge, often with a clever, unconventional approach."
  },
  {
    "question": "How do Indian families often approach the concept of collective wellbeing versus individual desires?",
    "answer": "In many Indian families, the collective good often outweighs individual desires. There's a strong belief that \"we are all in this together,\" emphasizing family unity and mutual support even when personal sacrifices are needed."
  },
  {
    "question": "What is the concept of \"seva\" in Indian culture?",
    "answer": "\"Seva\" means selfless service. It's about \"giving back to the community without expecting anything in return,\" a deeply embedded cultural value that encourages voluntary action for the greater good."
  },
  {
    "question": "What does the phrase \"Atithi Devo Bhava\" signify in Indian hospitality?",
    "answer": "\"Atithi Devo Bhava\" translates to \"The guest is God.\" This ancient saying underpins Indian hospitality, meaning that \"every visitor should be treated with utmost respect and reverence, as if they were a divine presence.\""
  },
  {
    "question": "How do traditional Indian wedding ceremonies often symbolize the union of two families rather than just two individuals?",
    "answer": "Indian weddings are truly \"a celebration of two families coming together.\" The rituals and customs, from pre-wedding pujas to post-wedding games, \"emphasize the integration of the bride and groom into each other's extended families.\""
  },
  {
    "question": "What is the concept of \"karma\" in Indian philosophy and how does it influence daily life?",
    "answer": "\"Karma\" is the belief that \"every action, thought, and word has consequences,\" influencing one's future. It encourages individuals to \"act righteously and with good intentions,\" knowing that positive actions lead to positive outcomes."
  },
  {
    "question": "How does the \"dabbawala\" system in Mumbai exemplify unique Indian logistical innovation?",
    "answer": "The \"dabbawala\" system is a remarkable example of precision logistics. \"They deliver over 200,000 lunchboxes daily with near-perfect accuracy,\" using a complex yet efficient human chain, demonstrating an unparalleled service model."
  },
  {
    "question": "What is a \"chai\" and how does it differ from a typical Western tea?",
    "answer": "\"Chai\" is much more than just tea; it's an experience. It's a \"rich, milky, spiced beverage, often simmered with ginger and cardamom,\" and is an integral part of daily social interactions and hospitality across India."
  },
  {
    "question": "What is the importance of respecting elders in Indian social structures?",
    "answer": "Respect for elders is a cornerstone of Indian society. Children are taught to \"touch the feet of their elders,\" a gesture of reverence that signifies \"seeking blessings and showing profound respect for their wisdom and experience.\""
  },
  {
    "question": "What is a common Hinglish expression used to describe doing something just to pass time?",
    "answer": "A very common Hinglish expression is \"timepass.\" It's used when you are \"doing something simply to fill time, with no serious intention or goal,\" often implying a casual and relaxed activity."
  },
  {
    "question": "How is the concept of \"family\" often extended beyond immediate blood relatives in India?",
    "answer": "In India, the idea of family often extends beyond immediate relatives. You might hear people refer to close friends or neighbors as \"bhai\" (brother) or \"behan\" (sister), signifying a \"deep sense of community and kinship that transcends bloodlines.\""
  },
  {
    "question": "What is a key characteristic of \"frugal innovation\" in India?",
    "answer": "Frugal innovation, often associated with the term \"jugaad,\" focuses on \"doing more with less.\" It's about \"creating affordable and accessible solutions for the masses,\" often by repurposing existing materials or simplifying complex technologies."
  },
  {
    "question": "How does Diwali, the festival of lights, symbolize cultural values in India?",
    "answer": "Diwali is a powerful symbol of \"the triumph of light over darkness, good over evil, and knowledge over ignorance.\" Families celebrate by \"lighting lamps, sharing sweets, and exchanging gifts,\" reinforcing bonds and spreading joy."
  },
  {
    "question": "What is the significance of the \"guru-shishya parampara\" in Indian learning traditions?",
    "answer": "The \"guru-shishya parampara\" is a sacred tradition where \"the student (shishya) dedicates themselves to a teacher (guru)\" for a holistic education. It emphasizes \"personal mentorship, spiritual growth, and the transmission of knowledge from generation to generation.\""
  },
  {
    "question": "What does the term \"desi\" commonly refer to in an Indian context?",
    "answer": "\"Desi\" is a term often used to describe anything that is \"local, indigenous, or authentically Indian.\" It can refer to \"food, clothing, music, or even people,\" carrying a sense of cultural pride and belonging."
  },
  {
    "question": "What is a common phrase used to express resignation or acceptance of a situation, especially when things are not perfect?",
    "answer": "A commonly heard phrase is \"chalta hai,\" which loosely translates to \"it works\" or \"it's okay.\" It reflects a \"cultural flexibility and a willingness to accept imperfections,\" rather than striving for absolute perfection in all situations."
  },
  {
    "question": "How do Indian business practices often incorporate personal relationships?",
    "answer": "In Indian business, \"relationships are paramount.\" People often prioritize \"building trust and personal rapport before delving into transactions,\" recognizing that strong personal connections can facilitate smoother and more reliable dealings."
  },
  {
    "question": "What is the role of collective celebration in Indian festivals?",
    "answer": "Indian festivals are inherently communal. They are not just personal events but opportunities for \"entire communities to come together, share joy, and reinforce social bonds,\" creating a vibrant tapestry of shared experiences."
  },
  {
    "question": "What does \"paisa vasool\" mean in the context of value for money?",
    "answer": "\"Paisa vasool\" means \"value for money.\" It's a common sentiment when something is perceived to be \"worth every penny spent,\" providing satisfaction that the purchase was well justified and beneficial."
  },
  {
    "question": "How does the concept of \"unity in diversity\" manifest in India?",
    "answer": "India proudly exemplifies \"unity in diversity.\" Despite \"hundreds of languages, diverse culinary traditions, and varied religious practices,\" people find common ground, demonstrating how a nation can thrive amidst rich cultural differences."
  },
  {
    "question": "What is a common practice for showing hospitality when offering food or drink to a guest in an Indian home?",
    "answer": "When offering food or drink, it's customary to \"insist your guests take more,\" often repeating the offer. This reflects deep hospitality and the desire to \"ensure the guest feels fully welcomed and satisfied.\""
  },
  {
    "question": "What is the significance of the Bindi for women in India?",
    "answer": "The Bindi, traditionally worn by women, is often seen as \"a symbol of grace and beauty.\" While it has various meanings, \"it's widely recognized as an adornment that enhances the wearer's traditional look.\""
  },
  {
    "question": "How do Indian entrepreneurs often overcome resource limitations when starting a business?",
    "answer": "Indian entrepreneurs are masters of \"bootstrapping and resourcefulness.\" They often start with \"minimal capital and rely on their ingenuity to scale operations,\" proving that innovation doesn't always require large investments."
  },
  {
    "question": "What is the concept of \"sanskars\" in shaping an individual's character?",
    "answer": "\"Sanskars\" refer to \"cultural values, good manners, and virtues instilled from childhood.\" They are the \"moral compass that guides an individual's behavior,\" emphasizing respect, humility, and ethical conduct."
  },
  {
    "question": "What is the general approach to time or punctuality sometimes observed in Indian social contexts?",
    "answer": "In social settings, there can be a concept of \"Indian Standard Time,\" where \"punctuality might be more fluid than strict.\" It often implies a relaxed approach, where being a little late is generally understood and tolerated."
  },
  {
    "question": "How does the Aadhar system exemplify a large-scale Indian innovation for identity management?",
    "answer": "Aadhar is a groundbreaking system, providing \"a unique 12-digit identity number for every resident of India.\" It's a \"massive biometric database that facilitates access to various services,\" showcasing a unique approach to digital identity."
  },
  {
    "question": "What is a common belief about cows in many parts of India?",
    "answer": "In many parts of India, cows are considered \"sacred animals.\" They are revered and seen as \"symbols of life, nourishment, and purity,\" reflecting deep spiritual and cultural reverence."
  },
  {
    "question": "How is the sharing of food considered a social act in India?",
    "answer": "Sharing food is a fundamental social act. \"Food is always meant to be shared,\" whether from a tiffin box in an office or a platter at a family gathering, it \"strengthens bonds and fosters a sense of community.\""
  },
  {
    "question": "What is the importance of \"Nari Shakti\" in contemporary Indian discourse?",
    "answer": "\"Nari Shakti,\" meaning \"women power,\" is a crucial concept. It highlights \"the strength, resilience, and contributions of women in all spheres of life,\" recognizing their growing influence in society and nation-building."
  },
  {
    "question": "What is a common regional culinary practice across different parts of India regarding spices?",
    "answer": "Across India, the use of spices is incredibly diverse and regional. While \"each region boasts its unique blend,\" the common thread is \"the art of layering flavors to create complex and aromatic dishes.\""
  },
  {
    "question": "How do Indian festivals often bridge the gap between religious tradition and secular celebration?",
    "answer": "Many Indian festivals, while rooted in religious traditions, have evolved into \"inclusive cultural celebrations.\" They are occasions for \"everyone to participate, regardless of their background,\" promoting harmony and shared joy."
  },
  {
    "question": "What does the term \"Bharat\" signify beyond just the name of the country?",
    "answer": "\"Bharat\" is more than just the geographical name; it's a profound term that \"evokes a sense of deep cultural heritage and ancient civilization.\" It carries \"a historical and spiritual weight, representing the soul of India.\""
  },
  {
    "question": "How is the concept of \"resilience\" often described in the context of the Indian spirit?",
    "answer": "The Indian spirit is often characterized by \"remarkable resilience.\" People demonstrate an incredible \"ability to adapt, persevere, and find solutions even in the face of significant adversity,\" turning challenges into opportunities for growth."
  },
  {
    "question": "What is a common metaphor used to describe the diversity of India's languages?",
    "answer": "India's linguistic diversity is often compared to \"a vast ocean of languages.\" With \"hundreds of dialects spoken across regions,\" it creates a rich cultural tapestry where communication thrives in myriad forms."
  },
  {
    "question": "What role do street vendors play in the daily life and economy of Indian cities?",
    "answer": "Street vendors are the \"lifeline of Indian cities.\" They provide \"affordable goods and services, from fresh produce to quick snacks,\" making urban life convenient and vibrant while supporting countless livelihoods."
  },
  {
    "question": "What is the concept of \"Vasudhaiva Kutumbakam\" in Indian thought?",
    "answer": "\"Vasudhaiva Kutumbakam\" means \"the world is one family.\" It's an ancient Sanskrit phrase that promotes \"universal brotherhood and global harmony,\" reflecting India's ethos of interconnectedness and shared humanity."
  },
  {
    "question": "How do traditional Indian art forms often incorporate spiritual themes?",
    "answer": "Many traditional Indian art forms, whether dance, music, or painting, are \"deeply intertwined with spirituality.\" They are often \"expressions of devotion, stories from epics, or interpretations of philosophical concepts,\" making art a path to the divine."
  },
  {
    "question": "What is the significance of the vibrant colors seen in Indian clothing and ceremonies?",
    "answer": "The vibrant colors are not just aesthetic; they are \"symbolic of joy, celebration, and life itself.\" Each color often carries specific meanings, \"adding layers of cultural significance to attire and festivities.\""
  },
  {
    "question": "How do Indian farmers often practice sustainable agriculture in traditional ways?",
    "answer": "Many Indian farmers have long practiced forms of \"sustainable agriculture, passed down through generations.\" They often use \"organic methods, crop rotation, and water conservation techniques,\" respecting the land and its resources."
  },
  {
    "question": "What is the importance of community kitchens or 'langars' in certain Indian spiritual traditions?",
    "answer": "Community kitchens, known as 'langars,' exemplify \"equality and selfless service.\" They provide \"free meals to all, regardless of caste, creed, or economic status,\" fostering a sense of shared humanity and breaking down social barriers."
  },
  {
    "question": "How is \"negotiation\" often perceived in Indian market places?",
    "answer": "In many Indian market places, \"negotiation is not just expected, it's part of the experience.\" It's a playful interaction where \"buyers and sellers engage in a back-and-forth,\" making the transaction more dynamic and personal."
  },
  {
    "question": "What is the significance of the \"namaste\" gesture, beyond just the word itself?",
    "answer": "The \"namaste\" gesture, with palms pressed together, is a sign of \"deep respect and reverence.\" It literally means \"I bow to the divine in you,\" acknowledging the sacredness in every individual."
  },
  {
    "question": "How do Indian small businesses often foster customer loyalty?",
    "answer": "Indian small businesses often build loyalty through \"personal connections and exceptional service.\" They treat customers like \"extended family,\" ensuring individual attention and going the extra mile to meet their needs."
  },
  {
    "question": "What is a common traditional health practice found in India focused on holistic wellbeing?",
    "answer": "Ayurveda is a common traditional health practice focused on \"holistic wellbeing.\" It emphasizes \"balancing the body, mind, and spirit through diet, lifestyle, and herbal remedies,\" aiming for overall harmony."
  },
  {
    "question": "How is the concept of \"destiny\" or \"fate\" often interwoven with personal effort in Indian philosophy?",
    "answer": "In Indian philosophy, there's a nuanced interplay between \"destiny (prarabdha) and free will (purushartha).\" While some things are fated, \"personal effort and righteous action are believed to be crucial\" for shaping one's future."
  },
  {
    "question": "What is a \"tiffin\" and how does it play a role in Indian daily life?",
    "answer": "A \"tiffin\" refers to a \"light meal or a stackable lunchbox.\" It's a common sight in Indian daily life, \"carrying freshly prepared home-cooked food to schools and workplaces,\" embodying care and nourishment."
  },
  {
    "question": "How do different regions of India celebrate the harvest festival?",
    "answer": "While the harvest festival is celebrated nationwide, \"each region has its unique name and customs,\" like Lohri in the North or Pongal in the South. This highlights \"the incredible diversity within shared agricultural traditions.\""
  },
  {
    "question": "What is the importance of storytelling in transmitting cultural values in India?",
    "answer": "Storytelling is a powerful medium for \"transmitting cultural values, history, and moral lessons.\" From ancient epics to folk tales, \"narratives shape understanding and connect generations to their heritage.\""
  },
  {
    "question": "How do Indian ceremonies often involve symbolic use of fire?",
    "answer": "Fire, or 'Agni,' is considered sacred in many Indian ceremonies. It symbolizes \"purity, transformation, and divine presence,\" often serving as \"a witness to vows and a medium for offerings.\""
  },
  {
    "question": "What does the phrase \"Sabka Saath, Sabka Vikas\" signify in a broader social context?",
    "answer": "\"Sabka Saath, Sabka Vikas\" translates to \"Collective Effort, Inclusive Growth.\" It's a contemporary phrase emphasizing the idea that \"progress should be achieved through everyone's participation and benefit all sections of society.\""
  },
  {
    "question": "How are joint families adapting to modern Indian society?",
    "answer": "While traditional joint families are changing, the \"essence of collective living and mutual support remains strong.\" Many urban families now live in \"nuclear units but maintain close ties and frequent interactions with their extended family.\""
  },
  {
    "question": "What is a characteristic of Indian customer service in local markets?",
    "answer": "In local Indian markets, customer service often involves \"a personal touch and a willingness to accommodate.\" Vendors frequently \"engage in friendly banter and offer customized solutions,\" building a sense of rapport."
  },
  {
    "question": "What is the significance of the Rangoli or Kolam art in Indian homes?",
    "answer": "Rangoli or Kolam designs drawn at entrances are believed to \"welcome prosperity and ward off evil.\" These intricate patterns, often made with colored powders or rice flour, are \"symbols of hospitality and auspiciousness.\""
  },
  {
    "question": "How does the concept of \"respect for nature\" manifest in Indian traditions?",
    "answer": "Respect for nature is deeply ingrained, often seen as \"a mother figure (Prakriti).\" Practices like \"worshipping rivers, trees, and animals\" reflect a traditional understanding of humanity's interconnectedness with the environment."
  }
]