[
  {
    "question": "How do people sometimes offer help to a solo traveler who seems to be navigating an unfamiliar area?",
    "answer": "People sometimes offer help by saying, \"don't worry Praveen, my husband is coming to pick me up. We will drop you there because we are going that side.\""
  },
  {
    "question": "What is a common Indian way of expressing a casual suggestion or instruction?",
    "answer": "A common Indian way of expressing a casual suggestion or instruction is to say, \"do one thing,\" followed by the specific task or request."
  },
  {
    "question": "What kind of initial social interaction might happen when strangers meet and connect during travel?",
    "answer": "Initial social interaction might involve having \"good discussion,\" exchanging \"views,\" \"stories,\" and \"mobile numbers.\""
  },
  {
    "question": "What is a typical expression used when someone is uncertain about their plans, especially regarding food or activities?",
    "answer": "When uncertain about plans, especially for food, a typical expression used is, \"I have no ideas. Let's see.\""
  },
  {
    "question": "What kind of persistent concern might a host show towards a guest regarding their evening plans?",
    "answer": "A host might show persistent concern by asking, \"where are you eating tonight?\" and \"what time you are closing your work here?\" to arrange an invitation."
  },
  {
    "question": "How does a common Indian maternal caution manifest regarding trust in unfamiliar situations?",
    "answer": "A common Indian maternal caution regarding trust in unfamiliar situations manifests as advice like, \"Promin, come on, don't be a fool. Just out of curiosity, someone asked you for the food. Doesn't mean you stop being here like that.\""
  },
  {
    "question": "What is a common piece of advice mothers often give their children about interacting with strangers?",
    "answer": "Mothers often give advice to their children like, \"Don't trust the stranger. He is not going to come back.\""
  },
  {
    "question": "What is the significance of deciding to trust despite ingrained caution?",
    "answer": "Deciding to trust despite ingrained caution can lead to unexpected positive outcomes, like meeting \"a friend of my lifetime.\""
  },
  {
    "question": "What is an example of spontaneous hospitality shown to a guest in the morning?",
    "answer": "An example of spontaneous hospitality is opening the door in the morning and asking, \"Son, will you take tea or coffee?\""
  },
  {
    "question": "How might a stranger from India be welcomed into a Malaysian home?",
    "answer": "A stranger from India might be welcomed into a Malaysian home with an invitation \"for dinner and stay.\""
  },
  {
    "question": "What does it imply about one's belief system when they are \"pleasantly surprised\" by an act of kindness from a stranger?",
    "answer": "Being \"pleasantly surprised\" by an act of kindness from a stranger implies that such generosity was not initially expected, potentially due to prior cautious beliefs."
  },
  {
    "question": "What kind of bond can form quickly between individuals in a social setting like Sriniketen?",
    "answer": "In a social setting like Sriniketen, a bond can form quickly, leading to meeting \"a friend, a friend of my lifetime,\" and spending the \"whole night... singing and dancing.\""
  },
  {
    "question": "What is the underlying message when someone says they \"played this game 24 times\" and \"22 times I run\"?",
    "answer": "The underlying message is about the personal experiment of choosing to trust strangers and finding that the majority of those instances resulted in positive, successful interactions."
  },
  {
    "question": "What is the perceived consequence of not changing one's belief towards strangers?",
    "answer": "The perceived consequence of not changing one's belief towards strangers is that one \"would have not trusted more than 90% of my 6% people in my life who are trustworthy.\""
  },
  {
    "question": "How does a mother's voice or advice often resonate internally when facing a dilemma?",
    "answer": "When facing a dilemma, \"My heart, my body, my soul again started screaming the words of my mother,\" indicating a strong internal conflict guided by parental teachings."
  },
  {
    "question": "What is a common initial reaction when a promised call doesn't materialize and a given number doesn't work?",
    "answer": "A common initial reaction is to repeatedly try the number, think \"maybe he is busy,\" and eventually realize \"someone has given you the wrong number.\""
  },
  {
    "question": "How does one manage to convey a sense of self-reliance when traveling solo?",
    "answer": "One conveys self-reliance by stating, \"I will manage. I am a solo travel. I will take a lift,\" even if it means relying on chance encounters."
  },
  {
    "question": "What specific term is used to describe a person who sings with deep emotion?",
    "answer": "A person who sings with deep emotion is described as \"a soulful singer.\""
  },
  {
    "question": "What is the implication of calling an interaction \"a trust game\"?",
    "answer": "Calling an interaction \"a trust game\" implies a conscious decision to challenge personal skepticism and engage in scenarios where vulnerability to strangers is inherent, to see the outcome."
  },
  {
    "question": "What kind of social activity indicates a strong connection and enjoyment among new friends?",
    "answer": "\"Singing and dancing\" the whole night indicates a strong, joyful connection and enjoyment among new friends."
  },
  {
    "question": "What is the emotional state experienced when an unexpected offer of help or hospitality is received?",
    "answer": "When an unexpected offer of help or hospitality is received, the emotional state experienced is being \"pleasantly surprised.\""
  },
  {
    "question": "What is the common assumption in India regarding hospitality for a guest, even if plans go awry?",
    "answer": "The common assumption is that hospitality will be extended, as a guest's friend called to say, \"Hey Praveen, I'm coming to you. Are you still working? We are waiting for your call,\" despite a number mix-up."
  },
  {
    "question": "What is a typical follow-up question regarding a guest's travel plans, indicating concern?",
    "answer": "A typical follow-up question indicating concern for a guest's travel plans is, \"how you will go?\" when their destination is far from a station."
  },
  {
    "question": "What can be inferred about the cultural value of personal connection when mobile numbers are exchanged during an initial meeting?",
    "answer": "Exchanging mobile numbers during an initial meeting suggests a cultural value placed on building personal connections and the intention for future communication."
  },
  {
    "question": "What does the phrase \"Let's see\" indicate in the context of making plans or decisions?",
    "answer": "\"Let's see\" indicates an open-ended approach to making plans or decisions, suggesting flexibility and an acceptance of uncertainty."
  },
  {
    "question": "What is the initial hopeful thought when someone's call goes to an automated system?",
    "answer": "The initial hopeful thought when someone's call goes to an automated system is, \"maybe he is busy.\""
  },
  {
    "question": "How might one's internal emotional state be described when maternal advice conflicts with an ongoing experience?",
    "answer": "The internal emotional state might be described as \"My heart, my body, my soul again started screaming the words of my mother,\" reflecting deep-seated influence and conflict."
  },
  {
    "question": "What is the ultimate cultural impact of positive interactions with strangers on one's worldview?",
    "answer": "The ultimate cultural impact of positive interactions is a change in \"belief towards strangers\" and an \"approach towards strangers,\" leading to greater trust in people."
  },
  {
    "question": "What is a characteristic of Indian social interactions when building rapport with new acquaintances?",
    "answer": "A characteristic of Indian social interactions involves having \"good discussion,\" exchanging \"views,\" and \"stories\" to build rapport quickly."
  },
  {
    "question": "How does the text describe the feeling of joy and satisfaction after a good day?",
    "answer": "The text describes the feeling of joy and satisfaction as being \"so happy\" after enjoying oneself at a university and completing a long tour."
  },
  {
    "question": "What does \"Sriniketen\" represent in the context of social gatherings or meetings?",
    "answer": "Sriniketen represents a place, possibly a community or event location, where new and lasting friendships can be formed during social gatherings in a \"tent.\""
  },
  {
    "question": "What does the act of a stranger inviting someone from India \"at his home for dinner and stay\" signify culturally?",
    "answer": "This act signifies a high level of hospitality and trust, often extended to guests, making them feel welcome and cared for."
  },
  {
    "question": "What is the internal debate a person might have when a promised gesture from a stranger doesn't immediately happen?",
    "answer": "The internal debate might involve questioning whether the stranger will actually follow through, thinking, \"He has my number. So he will call me,\" juxtaposed with maternal warnings."
  },
  {
    "question": "What is the role of a \"new Malaysian friend\" in challenging ingrained beliefs about strangers?",
    "answer": "The \"new Malaysian friend\" plays a pivotal role by demonstrating unexpected hospitality and reliability, directly challenging and ultimately changing ingrained beliefs about strangers."
  },
  {
    "question": "What is a common reaction when discovering someone gave a wrong or non-existent number?",
    "answer": "A common reaction is to verify with someone else and confirm, \"hey sir, someone has given you the wrong number. This number doesn't exist.\""
  },
  {
    "question": "What is the cultural implication of a wife and husband jointly offering help to a stranger?",
    "answer": "The joint offer of help from a wife and husband implies a collective family approach to hospitality and assistance, reinforcing a welcoming environment."
  },
  {
    "question": "How might one refer to a friendly male acquaintance in a respectful, yet affectionate manner?",
    "answer": "One might refer to a friendly male acquaintance respectfully yet affectionately as \"Son\" when offering hospitality like tea or coffee."
  },
  {
    "question": "What is the significance of the phrase \"You never know\" in the context of maternal advice about strangers?",
    "answer": "\"You never know\" in maternal advice signifies the unpredictability and potential danger of unfamiliar situations, reinforcing caution and skepticism."
  },
  {
    "question": "What cultural practice is hinted at when someone asks, \"Are you still working?\" around 11 o'clock at night?",
    "answer": "This hints at a culture where work hours can extend late, and social invitations might need to be timed around these schedules."
  },
  {
    "question": "What is the personal impact of proving to oneself that trust can be rewarded?",
    "answer": "The personal impact is a profound realization that \"if I had not changed my belief towards strangers, my approach towards strangers, I would have not trusted more than 90% of my 6% people in my life who are trustworthy.\""
  },
  {
    "question": "How does the text describe the initial feeling of connection with the \"new Malaysian friend\"?",
    "answer": "The initial feeling of connection is described as being \"so happy\" and trying to reach out to this \"new Malaysian friend.\""
  },
  {
    "question": "What is an example of persistence when trying to contact someone and the number isn't working?",
    "answer": "An example of persistence is dialing the number again \"after 10 to 15 minutes\" even if it still goes to an automated system."
  },
  {
    "question": "What is the general context of Praveen's journey when he mentions Cyberjaya and a university?",
    "answer": "Praveen's journey is in the context of solo travel for work or an event, with destinations like Cyberjaya and a university indicating a specific purpose."
  },
  {
    "question": "How does the phrase \"a friend of my lifetime\" emphasize the depth of a new connection?",
    "answer": "\"A friend of my lifetime\" emphasizes that the new connection is not just fleeting but has profound, long-lasting significance and value."
  },
  {
    "question": "What does the act of \"exchanging views\" signify in social interaction?",
    "answer": "\"Exchanging views\" signifies engaging in meaningful conversation, sharing perspectives, and fostering mutual understanding during social interaction."
  },
  {
    "question": "What kind of social support is offered to a guest whose phone number was inadvertently saved incorrectly?",
    "answer": "The social support offered is a continued commitment to the invitation, with the host calling and saying, \"We are waiting for your call,\" despite the mix-up."
  },
  {
    "question": "What does the \"tent\" in Sriniketen suggest about the setting where new friendships are forged?",
    "answer": "The \"tent\" suggests a temporary or informal gathering place, perhaps at a festival, camp, or event, where people come together and build connections."
  },
  {
    "question": "What is the underlying theme of the \"win\" mentioned in the \"trust game\"?",
    "answer": "The underlying theme of the \"win\" is the success in finding trustworthy individuals by overcoming personal biases and taking a chance on strangers."
  },
  {
    "question": "How is the process of building trust initially portrayed when meeting strangers?",
    "answer": "The process is initially portrayed with internal conflict and caution, with the traveler \"decided to trust because I was playing a trust game\" despite maternal warnings."
  },
  {
    "question": "What does the statement \"Doesn't mean you stop being here like that\" convey about maintaining dignity and presence?",
    "answer": "It conveys that one should not let a minor incident or expectation of hospitality make them lose their sense of self-respect or remain passively waiting."
  },
  {
    "question": "What is the cultural expectation of reliability or follow-through once an invitation is extended?",
    "answer": "The cultural expectation is high reliability, where the host will follow through on their invitation and even call to check, \"Are you still working? We are waiting for your call.\""
  }
]