[
  {
    "question": "What is a common piece of advice Indian mothers give their children about traveling alone?",
    "answer": "Indian mothers often advise their children, \"You are travelling alone. Make sure, sun. You don't speak to strangers. Don't trust them.\""
  },
  {
    "question": "What is a common warning given by Indian parents to their children regarding interactions with unknown individuals?",
    "answer": "Parents often caution, \"Don't speak to strangers. Don't trust them,\" when their children are traveling alone."
  },
  {
    "question": "How does one typically overcome the disbelief or fear instilled by parental warnings about strangers?",
    "answer": "One might overcome disbelief by challenging the advice and deciding to \"become a solo traveler,\" even if it goes against ingrained warnings."
  },
  {
    "question": "What kind of work might someone pursue alongside their passion for solo travel in India?",
    "answer": "Someone might \"run an IT company\" and have founded it years ago, balancing professional life with a passion for solo travel."
  },
  {
    "question": "What can make even a highly creative job feel unfulfilling in an Indian context?",
    "answer": "Even \"the world's most creative job\" can become monotonous if one is \"doing it again and again every day,\" leading to a feeling that \"monotony kills.\""
  },
  {
    "question": "What is a common motivation to engage in solo travel in India for someone with a regular job?",
    "answer": "Many decide to \"become a solo traveler\" to \"kill the monotony in my life,\" even if they are already in a creative and demanding job."
  },
  {
    "question": "What is considered a reasonable daily budget for comprehensive solo travel in India?",
    "answer": "Spending \"only 300 rupees per day\" is \"not a big deal\" in India and can include stay, travel, and food."
  },
  {
    "question": "What expenses are typically covered within a daily budget of 300 rupees for solo travel in India?",
    "answer": "A daily budget of 300 rupees for solo travel in India \"includes my stay, travel, food, everything.\""
  },
  {
    "question": "How might a solo traveler on a budget in India manage their meals when hungry?",
    "answer": "When hungry, a solo traveler might simply \"sit down, make a cook.\""
  },
  {
    "question": "What is a typical way for a solo traveler to rest when tired during their journey in India?",
    "answer": "If tired, a solo traveler might simply \"just lie down.\""
  },
  {
    "question": "How do solo travelers often manage to get around when ready to move on in India without incurring costs?",
    "answer": "When a solo traveler is \"ready to move, there is always someone to pick me up. Absolutely free.\""
  },
  {
    "question": "How is \"absolute comfort\" defined by some solo travelers in India?",
    "answer": "\"Absolute comfort\" for a solo traveler can be finding free rides, resting when tired, and cooking when hungry, all within a minimal budget."
  },
  {
    "question": "What unique strategy do some solo travelers employ to make their trips more interesting in India?",
    "answer": "To make their solo trip \"more interesting, more special,\" some play \"a game with strangers.\""
  },
  {
    "question": "What is the specific name given to a game played by solo travelers to engage with strangers in India?",
    "answer": "The game played with strangers during solo trips is called the \"game of trust.\""
  },
  {
    "question": "What initial emotional reaction might one experience when encountering certain strangers during solo trips in India?",
    "answer": "When meeting certain strangers, one's \"heart, your body, your soul will scream the word out loud. of your mother, don't trust this stranger.\""
  },
  {
    "question": "What is the core principle or challenge of the \"game of trust\" played during solo travels in India?",
    "answer": "In the \"game of trust,\" one has to do \"exactly opposite\" of initial instincts and parental warnings, meaning \"I have to trust.\""
  },
  {
    "question": "What is the historical count of times the \"game of trust\" has been played by some solo travelers?",
    "answer": "The \"game of trust\" has been played \"24 times\" in one individual's life."
  },
  {
    "question": "In which part of India is Shantiniketan located?",
    "answer": "Shantiniketan is located in the \"eastern part of India.\""
  },
  {
    "question": "Which major city is often a starting point for travel to Shantiniketan in East India?",
    "answer": "One often travels to Shantiniketan \"from Kolkata to go train.\""
  },
  {
    "question": "What is a common activity while traveling by train in India, as observed culturally?",
    "answer": "While traveling by train, it is common to be \"sitting in the train enjoying my tea.\""
  },
  {
    "question": "How might a stranger initiate an unsolicited conversation with a traveler on an Indian train?",
    "answer": "A stranger might \"tap my shoulder\" and ask, \"Hey, where are you going?\""
  },
  {
    "question": "What kind of unsolicited travel advice might a stranger offer on an Indian train?",
    "answer": "A stranger might suggest an alternative destination, saying \"do not go to Shantiniketen, go to Sriniketen.\""
  },
  {
    "question": "What is a typical reaction to hearing about an unfamiliar place like Sriniketan from a stranger in India?",
    "answer": "A typical reaction is to state, \"I never heard this place,\" when an unfamiliar destination is suggested."
  },
  {
    "question": "What cultural event might be used by a stranger to entice someone to visit an alternative destination in India?",
    "answer": "A stranger might mention, \"there is some festival there,\" as a reason to visit a different place."
  },
  {
    "question": "How does one typically react to an unsolicited suggestion about a festival in India if they are a spontaneous traveler?",
    "answer": "A spontaneous traveler might respond with \"okay, I will see,\" before the stranger disappears."
  },
  {
    "question": "How might a stranger in India ensure a traveler follows their suggestion upon reaching a destination?",
    "answer": "Upon arrival, a stranger might shout, \"excuse me, I am going to Sri Nikita and will you come with me.\""
  },
  {
    "question": "What principle guides a solo traveler's decision-making process when offered something for free in India?",
    "answer": "For solo travelers, \"anything offered free gets automatic precedence over everything.\""
  },
  {
    "question": "What happens after a traveler accepts an offer to accompany a stranger in India?",
    "answer": "After accepting, travelers \"exchanged some views, some thoughts\" while traveling together."
  },
  {
    "question": "What kind of areas might one encounter when traveling to suggested festival locations in India?",
    "answer": "One might reach \"an extremely remote area\" when following suggestions to places like Sriniketan."
  },
  {
    "question": "What direct question related to accommodation might a stranger ask a solo traveler in India?",
    "answer": "A stranger might directly ask, \"Praveen, where are you staying tonight?\""
  },
  {
    "question": "What is a common response from a solo traveler in India when asked about their night's accommodation plans?",
    "answer": "A solo traveler might respond, \"I have no idea. I am a solo traveler,\" indicating flexibility."
  },
  {
    "question": "What personal question might a stranger ask a solo traveler in India, which can be somewhat surprising?",
    "answer": "A stranger might ask, \"Are you married?\" during a casual interaction."
  },
  {
    "question": "How might a solo traveler mentally process a sudden personal question like \"Are you married?\" from a stranger in India?",
    "answer": "The traveler might ponder, \"is this a follow-up question or a connected or standalone question?\" when such a personal inquiry is made."
  },
  {
    "question": "What kind of offer related to personal space or time might a stranger make to a solo traveler in India?",
    "answer": "A stranger might say, \"I don't mind sharing my time. with you,\" when offering hospitality."
  },
  {
    "question": "What internal conflict might a solo traveler experience when presented with an unexpected offer from a stranger in India?",
    "answer": "The traveler might feel foolish, questioning, \"Praveen, come on he has fool you, right from the train he has misguided you.\""
  },
  {
    "question": "What does the term \"monotony kills\" imply about the Indian perspective on work-life balance?",
    "answer": "\"Monotony kills\" implies that even creative work, if repetitive, can be detrimental to one's spirit, highlighting a need for diverse experiences beyond work."
  },
  {
    "question": "What is the significance of the phrase \"not a big deal\" when referring to a 300 rupees daily budget in India?",
    "answer": "It signifies that 300 rupees is an incredibly small amount, suggesting that India offers very affordable travel options for those willing to embrace a simple lifestyle."
  },
  {
    "question": "How do children in India typically receive warnings about trusting strangers, and what is the tone?",
    "answer": "Children receive warnings like \"Listen carefully. Make sure, sun. You don't speak to strangers. Don't trust them,\" often conveyed with a protective and serious tone from a parent."
  },
  {
    "question": "What is an example of an informal, spontaneous travel arrangement common in India?",
    "answer": "An example is when \"there is always someone to pick me up. Absolutely free,\" highlighting a culture of informal help among travelers or locals."
  },
  {
    "question": "What kind of cultural practice is reflected in the willingness to \"sit down, make a cook\" instead of seeking formal dining?",
    "answer": "This reflects a cultural practice of resourcefulness and self-sufficiency, often seen in budget travel, where one takes direct control of food preparation."
  },
  {
    "question": "What does the 'game of trust' symbolize in the context of Indian solo travel?",
    "answer": "The 'game of trust' symbolizes a deliberate choice to challenge inherent cultural warnings about strangers, fostering deeper, more authentic human connections."
  },
  {
    "question": "What is a common psychological barrier a solo traveler might face due to childhood teachings in India?",
    "answer": "A common barrier is the strong parental warning, \"don't trust them,\" which can lead to initial \"disbelief\" when considering trusting strangers."
  },
  {
    "question": "How does the experience of \"enjoying my tea\" on a train reflect typical Indian train journeys?",
    "answer": "\"Enjoying my tea\" on a train reflects the common cultural experience of leisurely travel, often accompanied by local refreshments and observations."
  },
  {
    "question": "What can be inferred about the cultural practice of offering unsolicited advice on travel in India?",
    "answer": "It suggests a common practice where strangers might feel comfortable approaching and offering guidance, even if unasked, like advising to \"go to Sriniketen.\""
  },
  {
    "question": "What does the phrase \"anything offered free gets automatic precedence over everything\" reveal about resourcefulness in Indian travel?",
    "answer": "It reveals a high degree of resourcefulness and pragmatism among travelers, prioritizing cost-saving opportunities and often embracing unexpected pathways."
  },
  {
    "question": "How is the concept of 'remote areas' encountered when traveling in India, culturally significant?",
    "answer": "Reaching an \"extremely remote area\" implies moving away from urban centers into rural or less developed regions, which often offer unique cultural experiences but also present challenges like finding accommodation."
  },
  {
    "question": "What does the inquiry \"Are you married?\" signify when asked by a stranger in a travel context in India?",
    "answer": "This question, though personal, can sometimes be a prelude to assessing a traveler's social situation, safety, or suitability for certain hospitality offers in an Indian social context."
  },
  {
    "question": "What is a typical internal struggle when deciding whether to accept a stranger's offer of hospitality in India?",
    "answer": "There's an internal struggle where one might initially think, \"he has fool you, right from the train he has misguided you,\" due to societal warnings about strangers."
  },
  {
    "question": "How does the act of \"pitching his tent\" by a stranger demonstrate a unique form of hospitality in India?",
    "answer": "\"Pitching his tent\" highlights a form of informal, direct hospitality where a stranger immediately offers a solution for accommodation, often without much prior acquaintance."
  },
  {
    "question": "What is implied by the solo traveler's attitude \"Now to me, this is absolute comfort\" regarding minimalism in India?",
    "answer": "It implies a cultural acceptance of minimalism and finding contentment in simple provisions, where essential needs met affordably equate to \"absolute comfort.\""
  },
  {
    "question": "What is the underlying cultural value that prioritizes spontaneity in travel in India, especially when encountering new festivals?",
    "answer": "The response \"okay, I will see\" to a suggestion about a festival highlights a cultural value of openness to new experiences and spontaneity, common among travelers seeking immersion."
  }
]